P001	小學	香港仔聖伯多祿天主教小學     ABERDEEN ST PETER'S CATHOLIC PRIMARY SCH     http://www.aspcps.edu.hk	香港石排灣邨	SHEK PAI WAN ESTATE HONG KONG
P002	小學	博愛醫院歷屆總理聯誼會鄭任安夫人千禧小學     AD&FDPOH MRS CHENG YAM ON MILL SCH     http://www.mcyoms.edu.hk	新界屯門掃管笏路１１１號	111 SO KWUN WAT ROAD TUEN MUN NEW TERRITORIES
P003	小學	博愛醫院歷屆總理聯誼會梁省德學校     AD&FDPOHL LEUNG SING TAK SCHOOL     http://www.yuenlonglsts.edu.hk	新界元朗朗屏邨第三期屋邨小學	ESTATE PRIMARY SCHOOL LONG PING ESTATE, PHASE III YUEN LONG NEW TERRITORIES
P004	小學	博愛醫院歷屆總理聯誼會鄭任安夫人學校     AD&FDPOHL MRS CHENG YAM ON SCHOOL     http://www.mcyos.edu.hk	新界屯門屯利街３號	3 TUEN LEE STREET TUEN MUN NEW TERRITORIES
P005	小學	愛秩序灣官立小學     ALDRICH BAY GOVERNMENT PRI SCH     http://www.abgps.edu.hk/	香港筲箕灣愛禮街１號	1 OI LAI STREET SHAU KEI WAN HONG KONG
P006	小學	九龍塘宣道小學     ALLIANCE PRIMARY SCHOOL KOWLOON TONG     http://www.apskt.edu.hk	九龍九龍塘蘭開夏道２號地下至２樓部份及３樓至８樓全層	PORTION OF G/F - 2/F & WHOLE FLOOR OF 3/F - 8/F 2 LANCASHIRE ROAD KOWLOON TONG KOWLOON
P007	小學	上水宣道小學     ALLIANCE PRIMARY SCHOOL, SHEUNG SHUI     http://www.apsss.edu.hk	新界粉嶺第１８區和睦路２號	2 WO MUK ROAD, AREA 18 FANLING NEW TERRITORIES
P008	小學	大坑東宣道小學     ALLIANCE PRIMARY SCHOOL, TAI HANG TUNG     http://www.apstht.edu.hk	九龍大坑東棠蔭街十三及廿三號	13 & 23 TONG YAM STREET TAI HANG TUNG KOWLOON
P009	小學	黃埔宣道小學     ALLIANCE PRIMARY SCHOOL,WHAMPOA     http://www.apsw.edu.hk/	九龍紅磡黃埔花園德豐街２１號	21 TAK FUNG STREET WHAMPOA GARDEN HUNG HOM KOWLOON
P010	小學	AMERICAN INTERNATIONAL SCH (PRI BRANCH)     http://www.ais.edu.hk/	九龍窩打老道１３１號地下及１樓	G/F & 1/F 131 WATERLOO ROAD KOWLOON
P011	小學	美國國際學校     AMERICAN INTERNATIONAL SCHOOL     http://www.ais.edu.hk/	九龍九龍塘窩打老道１１７ １１９ １２１ １２３１２５及１２９號	117 119 121 123 125 & 129 WATERLOO ROAD KOWLOON TONG KOWLOON
P012	小學	AMERICAN SCHOOL HONG KONG     http://ashk.edu.hk	新界大埔馬聰路六號（５樓、６樓、天台及體育館除外）	(EXCEPT 5/F., 6/F., R/F. AND GYMNASIUM) 6 MA CHUNG ROAD TAI PO NEW TERRITORIES
P013	小學	安菲爾學校     ANFIELD SCHOOL     http://www.anfield.edu.hk/taiwai/index.php	新界沙田大圍龍柏街１號及３號	NO.1 AND 3 LUNG PAK STREET TAI WAI SHATIN NEW TERRITORIES
P014	小學	愛培學校     AOI PUI SCHOOL   	九龍紅磡差館里１６號地下至４樓	G/F-4/F 16 STATION LANE HUNG HOM KOWLOON
P015	小學	鴨脷洲街坊學校     APLICHAU KAIFONG PRIMARY SCHOOL     http://www.akps.edu.hk	香港鴨脷洲利東邨利東邨道９號	9 LEI TUNG ESTATE ROAD LEI TUNG ESTATE. APLICHAU HONG KONG
P016	小學	亞斯理衛理小學     ASBURY METHODIST PRIMARY SCHOOL     http://www.asbury.edu.hk	新界葵涌茘景邨第二校舍	ESTATE SCHOOL NO.2 LAI KING ESTATE KWAI CHUNG NEW TERRITORIES
P017	小學	基督教神召會梁省德小學     ASSEMBLY OF GOD LEUNG SING TAK PRI SCH     http://www.lsttko.edu.hk	新界將軍澳文曲里２號	2 MAN KUK LANE TSEUNG KWAN O NEW TERRITORIES
P018	小學	神召會馬理信書院     ASSEMBLY OF GOD MORRISON COLLEGE   	九龍慈雲山蒲崗村道９１號２－６樓	2-6/F 91 PO KONG VILLAGE ROAD TSZ WAN SHAN KOWLOON
P019	小學	香港澳洲國際學校     AUSTRALIAN INTERNATIONAL SCH HK     http://www.aishk.edu.hk/	九龍九龍塘羅福道３Ａ號	3A, NORFOLK ROAD KOWLOON TONG KOWLOON
P020	小學	浸信會沙田圍呂明才小學     BAPTIST (STW) LUI MING CHOI PRIM SCH     http://www.bstwlmc.edu.hk	新界沙田圓洲角路８號	8 YUEN CHAU KOK ROAD SHATIN NEW TERRITORIES
P021	小學	浸信會呂明才小學     BAPTIST LUI MING CHOI PRIMARY SCHOOL     http://www.baptist-lmc-primary.edu.hk	新界沙田第一城得榮街２號	STANDARD PRIMARY SCHOOL A 2 TAK WING STREET SHATIN NEW TERRITORIES
P022	小學	浸信會天虹小學     BAPTIST RAINBOW PRIMARY SCHOOL     http://www.rainbow.edu.hk	九龍黃大仙竹園南邨	CHUK YUEN SOUTH ESTATE WONG TAI SIN KOWLOON
P023	小學	BEACON HILL SCHOOL     http://www.beaconhill.edu.hk/	九龍九龍塘義德道２３號	23 EDE ROAD KOWLOON TONG KOWLOON
P024	小學	福德學校     BISHOP FORD MEMORIAL SCHOOL     http://www.bfordms.edu.hk	九龍東頭邨培民街２０號	20 PUI MAN STREET TUNG TAU TSUEN KOWLOON
P025	小學	天主教柏德學校     BISHOP PASCHANG CATHOLIC SCHOOL     http://bpcs.edu.hk	九龍九龍灣宏照道６號	6 WANG CHIU ROAD KOWLOON BAY KOWLOON
P026	小學	華德學校     BISHOP WALSH PRIMARY SCHOOL     http://www.bishopwalsh.edu.hk	九龍黃大仙聯合道１５０號	150 JUNCTION ROAD WONG TAI SIN KOWLOON
P027	小學	般咸道官立小學     BONHAM RD GOVERNMENT PRI SCH     http://www.brgps.edu.hk/	香港般咸道９號Ａ	9A BONHAM ROAD HONG KONG
P028	小學	白普理小學     BRADBURY SCHOOL     http://www.bradbury.edu.hk/	香港司徒拔道４３號Ｃ及４３號Ｂ三樓及延伸通道由司徒拔道４３號Ｃ一樓至４３號Ｂ三樓	EXTENDED CORRIDOR FROM 1/F OF 43C STUBBS ROAD TO 3/F OF 43B STUBBS ROAD AND 43C STUBBS ROAD AND 3/F OF 43B STUBBS ROAD HONG KONG
P029	小學	佛教林炳炎紀念學校（香港佛教聯合會主辦）     BUDD LAM BING YIM MEM SCH (SPSD BY HKBA)    http://www.blbyms.edu.hk	新界荃灣大厦街３３號	33 TAI HA STREET TSUEN WAN NEW TERRITORIES
P030	小學	佛教陳榮根紀念學校     BUDDHIST CHAN WING KAN MEMORIAL SCHOOL     http://www.bcwkms.edu.hk	新界元朗馬田欖口村路２３號	23 LAM HAU TSUEN ROAD MA TIN, YUEN LONG NEW TERRITORIES
P031	小學	佛教慈敬學校     BUDDHIST CHI KING PRIMARY SCHOOL     http://www.bckps.edu.hk	九龍九龍灣啓禮道１２號	12 KAI LAI ROAD KOWLOON BAY KOWLOON
P032	小學	佛教中華康山學校     BUDDHIST CHUNG WAH KORNHILL PRI SCH     http://www.bcwkps.edu.hk	香港鰂魚涌康愉街２號	2 HONG YUE STREET QUARRY BAY HONG KONG
P033	小學	佛教林金殿紀念小學     BUDDHIST LIM KIM TIAN MEMORIAL PRI SCH     http://www.lkt.edu.hk	新界葵涌葵芳邨第五期	PHASE 5 KWAI FONG ESTATE KWAI CHUNG NEW TERRITORIES
P034	小學	道慈佛社楊日霖紀念學校     BUDDHIST TCFS YEUNG YAT LAM MEMORIAL SCH     http://www.yyl.edu.hk	新界元朗天水圍天柏路６號	6 TIN PAK ROAD TIN SHUI WAI, YUEN LONG NEW TERRITORIES
P035	小學	佛教榮茵學校     BUDDHIST WING YAN SCHOOL     http://www.bwys.edu.hk	新界元朗鳳攸南街６號	6 FUNG YAU STREET SOUTH YUEN LONG NEW TERRITORIES
P036	小學	佛教黃焯菴小學     BUDDHIST WONG CHEUK UM PRIMARY SCHOOL     http://www.bwcups.edu.hk	香港銅鑼灣東院道１１號	11 EASTERN HOSPITAL ROAD CAUSEWAY BAY HONG KONG
P037	小學	杯澳公立學校     BUI O PUBLIC SCHOOL     http://www.buiosch.edu.hk	新界大嶼山貝澳羅屋村２號第３１６約第２７２４號地段（部份）（儲物室包括在內）	DD 316 LOT 2724 (PT) 2 LO UK VILLAGE PUI O, LANTAU ISLAND NEW TERRITORIES
P038	小學	基督教宣道會徐澤林紀念小學     C & M ALLIANCE CHUI CHAK LAM MEM SCHOOL    http://www.ccl.edu.hk	新界元朗建德街	KIN TAK STREET YUEN LONG NEW TERRITORIES
P039	小學	基督教宣道會宣基小學（坪石）     C&MA SUN KEI PRI SCH (PING SHEK)   	九龍清水灣道１２號坪石邨屋邨小學第二校舍	ESTATE SCHOOL NO.2 PING SHEK ESTATE 12 CLEAR WATER BAY ROAD KOWLOON
P040	小學	加拿大國際學校     CANADIAN INTERNATIONAL SCHOOL     http://www.cdnis.edu.hk/	香港香港仔南朗山道３６號及加拿大國際學校第二期	36 NAM LONG SHAN ROAD (AND CANADIAN INTERNATIONAL SCHOOL PHASE II) ABERDEEN HONG KONG
P041	小學	嘉諾撒小學     CANOSSA PRIMARY SCHOOL     http://www.cpswts.edu.hk	九龍黃大仙親仁街５號	5 CHUN YAN STREET WONG TAI SIN KOWLOON
P042	小學	嘉諾撒小學（新蒲崗）     CANOSSA PRIMARY SCHOOL (SAN PO KONG)     http://www.cps.edu.hk	九龍新蒲崗彩頤里９號	9 CHOI YEE LANE SAN PO KONG KOWLOON
P043	小學	香港嘉諾撒學校     CANOSSA SCHOOL (HONG KONG)     http://www.canossahk.edu.hk	香港鰂魚涌海澤街８號	8 HOI CHAK STREET QUARRY BAY HONG KONG
P044	小學	廣東道官立小學     CANTON ROAD GOVERNMENT PRIMARY SCHOOL     http://www.crgps.edu.hk/	九龍尖沙咀廣東道１７８號	178 CANTON ROAD TSIMSHATSUI KOWLOON
P045	小學	明愛賽馬會樂仁學校     CARITAS JOCKEY CLUB LOK YAN SCHOOL     http://www.lys.edu.hk  http://lys.hkcampus.net	九龍深水埗永康街１２１號	121 WING HONG STREET SHAMSHUIPO KOWLOON
P046	小學	明愛樂進學校     CARITAS LOK JUN SCHOOL     http://www.lokjun.edu.hk	新界沙田文禮路３９號	39 MAN LAI ROAD SHA TIN NEW TERRITORIES
P047	小學	明愛樂勤學校     CARITAS LOK KAN SCHOOL     http://www.lokkan.edu.hk	新界天水圍天壇街１７號	17 TIN TAN STREET, TIN SHUI WAI NEW TERRITORIES
P048	小學	明愛樂義學校     CARITAS LOK YI SCHOOL     http://lokyi.edu.hk/	香港鯉景道５１號鯉景灣	51 LEI KING ROAD LEI KING WAN HONG KONG
P049	小學	明愛培立學校     CARITAS PELLETIER SCHOOL     http://www.pelletier.edu.hk	九龍清水灣道６０１０地段	N.K.I.L. 6010 CLEAR WATER BAY ROAD KOWLOON
P050	小學	明愛樂群學校     CARITAS RESURRECTION SCHOOL     http://www.crs.edu.hk	新界沙田穗禾路３１號	31 SUI WO ROAD SHATIN NEW TERRITORIES
P051	小學	迦密愛禮信小學     CARMEL ALISON LAM PRIMARY SCHOOL     http://www.calps.edu.hk	新界沙田顯徑邨	HIN KENG ESTATE SHATIN NEW TERRITORIES
P052	小學	迦密梁省德學校     CARMEL LEUNG SING TAK SCHOOL     http://www.clst.edu.hk	九龍觀塘順安邨	ESTATE SCHOOL NO 2 SHUN ON ESTATE KWUN TONG KOWLOON
P053	小學	CARMEL SCHOOL     http://www.carmel.edu.hk/	香港香港半山波老道１０至１２號東翼１＆２樓部分東翼２２９＆２２９Ａ西翼１樓及２樓、	1&2/F BLK WEST WING & CLASSROOM 229 &229A EAST WING & PORTION OF 1/F & 2/F EAST WING 10-12 BORRETT ROAD MID LEVEL HONG KONG
P054	小學	CARMEL SCHOOL   	香港筲箕灣道４６０號	460 SHAU KEI WAN ROAD HONG KONG
P055	小學	青山天主教小學     CASTLE PEAK CATHOLIC PRIMARY SCHOOL     http://cpcps.edu.hk	新界屯門屯門鄉事會路２號	2 TUEN MUN HEUNG SZE WUI ROAD TUEN MUN NEW TERRITORIES
P056	小學	天主教總堂區學校     CATHOLIC MISSION SCHOOL     http://www.cms.edu.hk/	香港中環律打街	RUTTER STREET CENTRAL HONG KONG
P057	小學	中華基督教會長洲堂錦江小學     CCC CHEUNG CHAU CHURCH KAM KONG PRI SCH     http://www.ccckamkongsch.edu.hk	新界長洲山頂道西一號	NO.1 PEAK ROAD WEST CHEUNG CHAU NEW TERRITORIES
P058	小學	中華基督教會基順學校     CCC KEI SHUN SPECIAL SCHOOL     http://www.ccckss.edu.hk	九龍觀塘順利邨（Ａ區）第一期屋邨小學校舍	ESTATE PRIMARY SCHOOL SHUN LEE ESTATE STAGE II (AREA A) PHASE 1 KWUN TONG KOWLOON
P059	小學	中華基督教會拔臣小學     CCC BUT SAN PRIMARY SCHOOL     http://www.butsan.edu.hk	新界屯門新墟青山公路２８號	28 CASTLE PEAK ROAD, SAN HUI TUEN MUN NEW TERRITORIES
P060	小學	中華基督教會全完第一小學     CCC CHUEN YUEN FIRST PRI SCHOOL     http://www.cyf.edu.hk	新界荃灣大屋街６－８號	6-8 TAI UK STREET TSUEN WAN NEW TERRITORIES
P061	小學	中華基督教會全完第二小學     CCC CHUEN YUEN SECOND PRIMARY SCHOOL     http://www.chuenyuen2.edu.hk	新界荃灣大窩口上角街三號	3 SHEUNG KOK STREET TAI WO HAU TSUEN WAN NEW TERRITORIES
P062	小學	中華基督教會元朗真光小學     CCC CHUN KWONG PRIMARY SCHOOL     http://www.ckps.edu.hk	新界元朗鐘聲徑	CHUNG SING PATH YUEN LONG NEW TERRITORIES
P063	小學	中華基督教會方潤華小學     CCC FONG YUN WAH PRIMARY SCHOOL     http://www.cccfyw.edu.hk/	新界天水圍天耀邨第二期屋邨小學校舍	ESTATE PRIMARY SCHOOL TIN YIU ESTATE PHASE II TIN SHUI WAI NEW TERRITORIES
P064	小學	中華基督教會協和小學（長沙灣）     CCC HEEP WOH PRI SCH (CHEUNG SHA WAN)     http://www.heepwohcsw.edu.hk/	九龍深水埗東京街１８號	18 TONKIN STREET SHAM SHUI PO KOWLOON
P065	小學	中華基督教會協和小學     CCC HEEP WOH PRIMARY SCHOOL     http://www.heepwoh.edu.hk/	九龍太子道１９１號Ｂ	191B PRINCE EDWARD ROAD KOWLOON
P066	小學	中華基督教會何福堂小學     CCC HOH FUK TONG PRIMARY SCHOOL     http://www.hft.edu.hk	新界屯門龍門路４１號	41 LUNG MUN ROAD TUEN MUN NEW TERRITORIES
P067	小學	中華基督教會基真小學     CCC KEI CHUN PRIMARY SCHOOL     http://www.keichun.edu.hk	新界葵涌華荔徑１１號	11 WA LAI PATH KWAI CHUNG NEW TERRITORIES
P068	小學	中華基督教會基法小學     CCC KEI FAAT PRIMARY SCHOOL     http://www.kfp.edu.hk	九龍觀塘月華街３４號	34 YUET WAH STREET KWUN TONG KOWLOON
P069	小學	中華基督教會基法小學（油塘）     CCC KEI FAAT PRIMARY SCHOOL (YAU TONG)     http://www.kfps.edu.hk	九龍油塘油塘道２５號	25 YAU TONG ROAD YAU TONG KOWLOON
P070	小學	中華基督教會基全小學     CCC KEI TSUN PRIMARY SCHOOL     http://www.cccktps.edu.hk	九龍大角咀大角咀道１５０號	150 TAI KOK TSUI ROAD TAI KOK TSUI KOWLOON
P071	小學	中華基督教會基慈小學     CCC KEI TSZ PRIMARY SCHOOL     http://www.keitsz.edu.hk	九龍慈雲山道１５２號	152 TSZ WAN SHAN ROAD KOWLOON
P072	小學	中華基督教會基華小學（九龍塘）     CCC KEI WA PRI SCH (KOWLOON TONG)     http://www.kwpskt.edu.hk	九龍牛津道１號Ｂ	1B OXFORD ROAD KOWLOON
P073	小學	中華基督教會基華小學     CCC KEI WA PRIMARY SCHOOL     http://www.keiwa.edu.hk	九龍黃大仙黃菊路３號彩虹邨	CHOI HUNG ESTATE 3 WONG KUK AVENUE WONG TAI SIN KOWLOON
P074	小學	中華基督教會基慧小學     CCC KEI WAI PRIMARY SCHOOL     http://www.kws.edu.hk	新界荃灣荃景圍１６７－１８５號	167-185 TSUEN KING CIRCUIT TSUEN WAN NEW TERRITORIES
P075	小學	中華基督教會基慧小學（馬灣）     CCC KEI WAI PRIMARY SCHOOL (MA WAN)     http://www.kwmwps.edu.hk/	新界荃灣馬灣珀林路１２號	12 PAK LAM ROAD, PARK ISLAND MA WAN, TSUEN WAN NEW TERRITORIES
P076	小學	中華基督教會基灣小學     CCC KEI WAN PRIMARY SCHOOL     http://www.keiwan.edu.hk	香港筲箕灣西灣河街６３號	63 SAI WAN HO STREET SHAU KEI WAN HONG KONG
P077	小學	中華基督教會基灣小學（愛蝶灣）     CCC KEI WAN PRIMARY SCHOOL (ALDRICH BAY)     http://www.ccckeiwan.edu.hk	香港筲箕灣愛信道３９號	39 OI SHUN ROAD SHAUKEIWAN HONG KONG
P078	小學	中華基督教會蒙黃花沃紀念小學     CCC MONG WONG FAR YOK MEMORIAL PRI SCH     http://www.cccmwfys.edu.hk	新界屯門一區田景邨	TIN KING ESTATE AREA 1 TUEN MUN NEW TERRITORIES
P079	小學	中華基督教會望覺堂啓愛學校     CCC MONGKOK CHURCH KAI OI SCHOOL     http://www.cccmkckos.edu.hk/	九龍西洋菜１１１號地下至４樓	G/F-4/F 111 SAI YEUNG CHOI STREET KOWLOON
P080	小學	中華基督教會大澳小學     CCC TAI O PRIMARY SCHOOL     http://www.ccctaiops.edu.hk	新界大嶼山大澳街市街２４－２６號	24-26 MARKET STREET, TAI O LANTAU ISLAND NEW TERRITORIES
P081	小學	中華基督教會灣仔堂基道小學     CCC WANCHAI CHURCH KEI TO PRIMARY SCHOOL     http://keito.school.hk	九龍東莞街４５號	45 TUNG KUN STREET KOWLOON
P082	小學	中華基督教會灣仔堂基道小學（九龍城）     CCC WANCHAI CHURCH KEI TO PS (KLN CITY)     http://ktkc.edu.hk	九龍九龍城靠背壟道１７０號	170 KAU PUI LUNG ROAD KOWLOON CITY KOWLOON
P083	小學	中西區聖安多尼學校     CENTRAL & WESTERN DIST ST ANTHONY'S SCH     http://www.cwsa.edu.hk	香港醫院道２號	2 HOSPITAL ROAD HONG KONG
P084	小學	柴灣角天主教小學     CHAI WAN KOK CATHOLIC PRIMARY SCHOOL     http://cwk.edu.hk/	新界荃灣安賢街２－１０號	2-10 ON YIN STREET TSUEN WAN NEW TERRITORIES
P085	小學	陳瑞祺（喇沙）小學     CHAN SUI KI (LA SALLE) PRIMARY SCHOOL     http://www.cskps.edu.hk	九龍九龍城常盛街２２號	22 SHEUNG SHING STREET HOMANTIN KOWLOON
P086	小學	啓基學校     CHAN'S CREATIVE SCHOOL     http://www.ccs.edu.hk	九龍界限街７１號新翼	NEW WING 71 BOUNDARY STREET KOWLOON
P087	小學	啓基學校（港島）     CHAN'S CREATIVE SCHOOL (HONG KONG ISLAND     http://www.ccshki.edu.hk	香港北角馬寶道８２號	82 MARBLE ROAD NORTH POINT HONG KONG
P088	小學	長洲聖心學校     CHEUNG CHAU SACRED HEART SCHOOL     http://www.ccshs.edu.hk	新界長洲教堂路長洲地段第９１６號及１０９２號	C C LOT NOS 916 & 1092, CHURCH ROAD CHEUNG CHAU NEW TERRITORIES
P089	小學	慈航學校     CHI HONG PRIMARY SCHOOL     http://www.chihong.edu.hk	新界沙田源昌里１號	1 YUEN CHEONG LANE SHATIN NEW TERRITORIES
P090	小學	佛教志蓮小學     CHI LIN BUDDHIST PRIMARY SCHOOL     http://www.chilinbps.edu.hk	新界將軍澳唐俊街一號	1 TONG CHUN STREET TSEUNG KWAN O, NEW TERRITORIES
P091	小學	慈恩學校     CHI YUN SCHOOL     http://www.chiyun.edu.hk	九龍深水埗廣利道１９號	19 KWONG LEE ROAD SHAMSHUIPO KOWLOON
P092	小學	晉德學校     CHINESE ACADEMY   	香港銅鑼灣加路連山道七十七號新翼地下及１樓、孔聖堂、籃球場、新翼地下樓梯及１樓樓梯	G/F. & 1/F. OF NEW WING BUILDING CONFUCIUS HALL, BASKETBALL COURT, AND STAIRCASE, 77 CAROLINE HILL ROAD CAUSEWAY BAY HONG KONG
P093	小學	漢基國際學校     CHINESE INTERNATIONAL SCHOOL     http://www.cis.edu.hk/	香港東區寶馬山道校園徑１號	1 HAU YUEN PATH BRAEMAR HILL HONG KONG
P094	小學	北角循道學校     CHINESE METHODIST SCHOOL (NORTH POINT)     http://www.cmsnp.edu.hk	香港北角百福道１５號	15 PAK FUK ROAD NORTH POINT HONG KONG
P095	小學	丹拿山循道學校     CHINESE METHODIST SCHOOL, TANNER HILL     http://www.cmsth.edu.hk	香港北角百福道４號	4 PAK FUK ROAD NORTH POINT HONG KONG
P096	小學	中華基督教青年會小學     CHINESE YMCA PRIMARY SCHOOL     http://www.cymcaps.edu.hk/	新界元朗天水圍１０２區第四期（第二學校）	AREA 102 TIN SHUI WAI PHASE 4 (SCHOOL 2) YUEN LONG NEW TERRITORIES
P097	小學	青松侯寶垣小學     CHING CHUNG HAU PO WOON PRIMARY SCHOOL     http://www.cchpwps.edu.hk	新界大嶼山東涌富東邨	FU TUNG ESTATE TUNG CHUNG LANTAU ISLAND NEW TERRITORIES
P098	小學	香港潮商學校     CHIU SHEUNG SCHOOL, HONG KONG     http://www.csshk.edu.hk	香港薄扶林道７９號Ｂ	79B POKFULAM ROAD HONG KONG
P099	小學	潮陽百欣小學     CHIU YANG POR YEN PRIMARY SCHOOL     http://www.cypy.edu.hk	新界元朗天水圍第１０４區	AREA 104 TIN SHUI WAI, YUEN LONG NEW TERRITORIES
P100	小學	香港潮陽小學     CHIU YANG PRIMARY SCHOOL OF HONG KONG     http://www.cyps.edu.hk	新界元朗天水圍天耀邨第三期	TIN YIU ESTATE, PHASE III TIN SHUI WAI , YUEN LONG NEW TERRITORIES
P101	小學	祖堯天主教小學     CHO YIU CATHOLIC PRIMARY SCHOOL     http://www.choyiu.edu.hk	新界葵涌敬祖路１０號祖堯邨	CHO YIU CHUEN NO. 10 KING CHO ROAD KWAI CHUNG NEW TERRITORIES
P102	小學	才俊學校     CHOI JUN SCHOOL     http://www.choijun.edu.hk/	新界沙田大圍顯泰街２號	2 HIN TAI STREET SHATIN NEW TERRITORIES
P103	小學	彩雲聖若瑟小學     CHOI WAN ST JOSEPH'S PRIMARY SCHOOL     http://www.cwsj.edu.hk	九龍黃大仙彩雲邨	CHOI WAN ESTATE WONG TAI SIN KOWLOON
P104	小學	基督教宣道會宣基小學     CHR & MISSIONARY ALLIANCE SUN KEI PRI SC     http://www.sunkei.edu.hk	新界將軍澳尚德邨	SHEUNG TAK ESTATE TSEUNG KWAN O NEW TERRITORIES
P105	小學	香港九龍塘基督教中華宣道會陳元喜小學     CHRISTIAN ALLIANCE H C CHAN PRI SCH     http://www.cahcc.edu.hk/	新界沙田秦石邨	CHUN SHEK ESTATE SHATIN NEW TERRITORIES
P106	小學	宣道國際學校     CHRISTIAN ALLIANCE INTERNATIONAL SCHOOL    https://www.caisbv.edu.hk/	九龍長沙灣瓊林街３３號教學大樓及停車場	ACADEMIC BUILDING AND CARPARK 33 KING LAM STREET CHEUNG SHA WAN KOWLOON
P107	小學	宣道會葉紹蔭紀念小學     CHRISTIAN ALLIANCE S Y YEH MEM PRI SCH     http://www.casyymps.edu.hk/	新界元朗天水圍天澤邨	TIN CHAK ESTATE TIN SHUI WAI, YUEN LONG NEW TERRITORIES
P108	小學	香港九龍塘基督教中華宣道會台山陳元喜小學     CHRISTIAN ALLIANCE T S H C CHAN PRI SCH     http://www.catshcc.edu.hk	新界沙田馬鞍山頌安邨	CHUNG ON ESTATE, MA ON SHAN SHATIN NEW TERRITORIES
P109	小學	真鐸學校     CHUN TOK SCHOOL     http://www.cts.edu.hk	九龍鑽石山斧山道１７１號	171 HAMMER HILL ROAD NKIL 3511 DIAMOND HILL KOWLOON
P110	小學	鐘聲學校     CHUNG SING SCHOOL     http://www.chungsing.edu.hk/	新界元朗舊墟路２９號	29 KAU HUI ROAD YUEN LONG NEW TERRITORIES
P111	小學	CLEARWATER BAY SCHOOL     http://www.cwbs.edu.hk/		D.D. 229 LOT 235, OFF CLEAR WATER BAY ROAD SAI KUNG NEW TERRITORIES
P112	小學	CLEARWATER BAY SCHOOL     http://www.cwbs.edu.hk	新界西貢大埔仔地段２３５號約分２２９	TAI PO TSAI, SAI KUNG ON LOT NO 235 IN DD 229 NEW TERRITORIES
P113	小學	中華傳道會呂明才小學     CNEC LUI MING CHOI PRIMARY SCHOOL     http://www.cneclmc.edu.hk	新界青衣長發邨	CHEUNG FAT ESTATE TSING YI NEW TERRITORIES
P114	小學	中華傳道會許大同學校     CNEC TA TUNG SCHOOL     http://www.cnectt.edu.hk	新界葵涌葵涌葵興邨第一座校舍	ESTATE SCHOOL NO 1 KWAI HING ESTATE KWAI CHUNG NEW TERRITORIES
P115	小學	孔教學院大成小學     CONFUCIAN TAI SHING PRIMARY SCHOOL     http://www.taishingprimary.edu.hk	九龍黃大仙大成街１０號	10 TAI SHING STREET WONG TAI SIN KOWLOON
P116	小學	浸信宣道會呂明才小學     CONSERVATIVE BAPT LUI MING CHOI PRI SCH     http://www.lmc.edu.hk	九龍彩霞道７８號	78 CHOI HA ROAD KOWLOON
P117	小學	啓思小學     CREATIVE PRIMARY SCHOOL     http://www.creativeprisch.edu.hk	九龍九龍塘牛津道２Ａ號（啓思小學附屬幼稚園專用範圍除外）	2A OXFORD ROAD, KOWLOON TONG KOWLOON (EXCLUDING THE AREA EXCLUSIVELY USED BY CREATIVE PRIMARY SCHOOL'S KINDERGARTEN KOWLOON
P118	小學	香港中文大學校友會聯會張煊昌學校     CUHKFAA THOMAS CHEUNG SCHOOL     http://www.tcps.edu.hk	新界沙田顯徑邨嘉田苑	KA TIN COURT HIN KENG ESTATE SHATIN NEW TERRITORIES
P119	小學	金巴崙長老會耀道小學     CUMBERLAND PRESBY CHURCH YAO DAO PRI SCH     http://www.cpcyd.edu.hk/	新界新界元朗天水圍天富苑	TIN FU COURT TIN SHUI WAI YUEN LONG NEW TERRITORIES
P120	小學	香港道爾頓學校     DALTON SCHOOL HONG KONG   	九龍大角咀海輝道１０號瓏璽一樓及二樓	1/F. & 2/F. IMPERIAL CULLINAN, 10 HOI FAI ROAD TAI KOK TSUI KOWLOON
P121	小學	地利亞（閩僑）英文小學     DELIA (MAN KIU) ENGLISH PRIMARY SCHOOL     http://www.deliamk.edu.hk	新界青衣長安邨第二期屋邨第二小學	ESTATE PRIMARY SCHOOL NO 2 CHEUNG ON ESTATE, PHASE II TSING YI NEW TERRITORIES
P122	小學	地利亞英文小學暨幼稚園     DELIA ENGLISH PRIMARY SCHOOL & KG     http://www.deliapri-kg.edu.hk	九龍美孚新邨百老匯街８４至８６號	1/F 84-86 BROADWAY STREET MEI FOO SUN CHUEN KOWLOON
P123	小學	地利亞（加拿大）學校     DELIA SCHOOL OF CANADA     http://www.delia.edu.hk/	香港鰂魚涌太古城	TAIKOO SHING QUARRY BAY HONG KONG
P124	小學	拔萃男書院     DIOCESAN BOYS' SCHOOL     http://www.dbspd.edu.hk	九龍旺角亞皆老街１３１號	131 ARGYLE STREET MONGKOK KOWLOON
P125	小學	拔萃女小學     DIOCESAN GIRLS' JUNIOR SCHOOL     http://www.dgjs.edu.hk	九龍佐敦道１號	1 JORDAN ROAD KOWLOON
P126	小學	拔萃小學     DIOCESAN PREPARATORY SCHOOL     http://www.dps.edu.hk/	九龍九龍塘志士達道一及三號	1 & 3 CHESTER ROAD KOWLOON TONG KOWLOON
P127	小學	DISCOVERY BAY INTERNATIONAL SCHOOL     http://www.dbis.edu.hk/	新界大嶼山愉景灣	DISCOVERY BAY LANTAU ISLAND NEW TERRITORIES
P128	小學	智新書院     DISCOVERY COLLEGE     http://www.discovery.edu.hk	新界大嶼山愉景灣海澄湖畔路３８號	38 SIENA AVENUE DISCOVERY BAY, LANTAU ISLAND NEW TERRITORIES
P129	小學	弘志學校     DISCOVERY MIND PRIMARY SCHOOL     http://www.dmps.edu.hk	新界大嶼山愉景灣海澄湖畔路９２號１樓１０２舖	SHOP 102 1/F 92 SIENA AVENUE DISCOVERY BAY LANTAU ISLAND NEW TERRITORIES
P130	小學	弘志學校     DISCOVERY MIND PRIMARY SCHOOL   	新界大嶼山東涌東涌海濱路８號海堤灣畔商場地下Ａ Ｂ Ｃ Ｄ１及Ｄ２舖	SHOP A B C D1 & D2 G/F SEAVIEW CRESCENT 8 TUNG CHUNG WATERFRONT ROAD TUNG CHUNG LANTAU ISLAND NEW TERRITORIES
P131	小學	DISCOVERY MONTESSORI ACADEMY   	新界大嶼山愉景灣北１座	BLOCK 1 DISCOVERY BAY NORTH DISCOVERY BAY CITY LANTAU ISLAND NEW TERRITORIES
P132	小學	胡素貞博士紀念學校     DR CATHERINE F WOO MEMORIAL SCHOOL     http://www.dcfwms.edu.hk	新界沙田第一城得寶街８號	8 TAK PO STREET CITY ONE SHATIN NEW TERRITORIES
P133	小學	心光恩望學校     EBENEZER NEW HOPE SCHOOL     http://www.ebenezer-enhs.edu.hk/	香港薄扶林薄扶林道１３１號	131 POKFULAM ROAD POKFULAM HONG KONG
P134	小學	心光學校     EBENEZER SCHOOL     http://www.ebenezer.org.hk	香港薄扶林薄扶林道１３１號（１樓及４樓幼兒中心專用範圍除外）	131 POKFULAM ROAD POKFULAM HONG KONG
P135	小學	香港教育大學賽馬會小學     EDUHK JOCKEY CLUB PRI SCH     http://www.edujcps.edu.hk/	新界大埔露屏路１０號香港教育學院	10 LO PING ROAD THE HONG KONG INSTITUTE OF EDUCATION TAI PO NEW TERRITORIES
P136	小學	基督教香港信義會信愛學校     ELCHK FAITH LOVE LUTHERAN SCHOOL     http://www.cwflls.edu.hk	香港柴灣漁灣邨第二座校舍	ESTATE SCHOOL NO.2 YUE WAN ESTATE CHAI WAN HONG KONG
P137	小學	基督教香港信義會紅磡信義學校     ELCHK HUNG HOM LUTHERAN PRIMARY SCHOOL     http://www.hhlps.edu.hk	九龍炮仗街３９號	39 PAU CHUNG STREET KOWLOON
P138	小學	基督教香港信義會葵盛信義學校     ELCHK KWAI SHING LUTHERAN PRI SCH     http://www.kslps.edu.hk	新界葵涌葵盛邨屋邨學校第六座校舍	ESTATE SCHOOL NO. 6 KWAI SHING ESTATE KWAI CHUNG NEW TERRITORIES
P139	小學	基督教香港信義會宏信書院     ELCHK LUTHERAN ACADEMY     http://www.luac.edu.hk	新界元朗欖口村路２５號	25 LAM HAU TSUEN ROAD YUEN LONG NEW TERRITORIES
P140	小學	基督教香港信義會啟信學校     ELCHK LUTHERAN SCHOOL   	新界元朗安信街丈量約分第１２０約地段第３７９７號	LOT3797 DD120 ON SHUN STREET YUEN LONG NEW TERRITORIES
P141	小學	靈光小學     EMMANUEL PRIMARY SCHOOL     http://www.emm.edu.hk	新界深井青山公路１３咪	13 MILES CASTLE PEAK ROAD SHAM TSENG NEW TERRITORIES
P142	小學	九龍靈光小學     EMMANUEL PRIMARY SCHOOL, KOWLOON     http://www.eps.edu.hk	九龍九龍城馬頭圍盛德街３６至３８號	36-38 SHING TAK STREET MA TAU WAI KOWLOON
P143	小學	勵志會梁李秀娛紀念小學     ENDEAVR LEUNG LEE SAU YU MEM PRI SCH     http://www.llsy.edu.hk	香港筲箕灣耀興道２５號	25 YIU HING ROAD SHAUKEIWAN HONG KONG
P144	小學	基督教中國佈道會聖道學校     EVAN CHINA FELLOWSHIP HOLY WORD SCH     http://www.holyword.edu.hk	九龍油塘鯉魚門道６０號	60 LEI YUE MUN ROAD YAU TONG KOWLOON
P145	小學	播道書院     EVANGEL COLLEGE     http://www.evangel.edu.hk	新界將軍澳至善街７號	7 CHI SHIN STREET TSEUNG KWAN O NEW TERRITORIES
P146	小學	基督教粉嶺神召會小學     FANLING ASSEMBLY OF GOD CHURCH PRI SCH     http://www.fagps.edu.hk	新界粉嶺和鳴里２號	2 WO MING LANE FANLING NEW TERRITORIES
P147	小學	粉嶺官立小學     FANLING GOVERNMENT PRIMARY SCHOOL     http://www.fgps.edu.hk	新界粉嶺祥華邨	CHEUNG WAH ESTATE FANLING NEW TERRITORIES
P148	小學	粉嶺公立學校     FANLING PUBLIC SCHOOL     http://www.flp.edu.hk	新界粉嶺粉嶺村	FANLING VILLAGE FANLING NEW TERRITORIES
P149	小學	農圃道官立小學     FARM ROAD GOVERNMENT PRIMARY SCHOOL     http://www.frgps.edu.hk	九龍土瓜灣農圃道８號	8 FARM ROAD TOKWAWAN KOWLOON
P150	小學	五邑鄒振猷學校     FDBWA CHOW CHIN YAU SCHOOL     http://www.fdccys.edu.hk	新界屯門蝴蝶邨兆山苑	SIU SHAN COURT, BUTTERFLY ESTATE TUEN MUN NEW TERRITORIES
P151	小學	神召第一小學暨幼稚園     FIRST ASSEMBLY OF GOD PRI SCH & KG     http://pskg.faog.org.hk/	九龍九龍城亞皆老街１２３號	123 ARGYLE STREET KOWLOON CITY KOWLOON
P152	小學	五邑工商總會學校     FIVE DISTRICTS BUSINESS WEL ASSN SCH     http://www.fdbwa.edu.hk	九龍深水埗永康街７０號	70 WING HONG STREET SHAMSHUIPO KOWLOON
P153	小學	樹宏學校     FOREST HOUSE WALDORF SCHOOL   	新界西貢早禾路１８號早禾居商場	COMMERCIAL DEVELOPMENT, FLORAL VILLAS 18 TSO WO ROAD SAI KUNG NEW TERRITORIES
P154	小學	郭怡雅神父紀念學校     FR CUCCHIARA MEMORIAL SCHOOL     http://www.fcms.edu.hk/	新界青衣長青邨屋邨第２校舍	ESTATE SCHOOL NO. 2 CHEUNG CHING ESTATE TSING YI NEW TERRITORIES
P155	小學	循理會白普理基金循理小學     FREE METHODIST BRADBURY CHUN LEI PRI SCH     http://www.chunlei.edu.hk	新界沙田新翠邨	SUN CHUI ESTATE SHATIN NEW TERRITORIES
P156	小學	循理會美林小學     FREE METHODIST MEI LAM PRIMARY SCHOOL     http://www.fmml.edu.hk	新界沙田大圍美城苑	MEI SHING COURT TAI WAI SHATIN NEW TERRITORIES
P157	小學	鮮魚行學校     FRESH FISH TRADERS' SCHOOL     http://www.ffts.edu.hk	九龍大角咀詩歌舞街３３號	33 SYCAMORE STREET TAI KOK TSUI KOWLOON
P158	小學	方樹福堂基金方樹泉小學     FSFTF FONG SHU CHUEN PRI SCH     http://fsc.edu.hk/w3/	新界粉嶺華明邨第二期	WAH MING ESTATE PHASE II FANLING NEW TERRITORIES
P159	小學	福德學社小學     FUK TAK EDUCATION SOCIETY PRIMARY SCHOOL     http://www.ftesps.edu.hk	新界沙頭角山咀村	SHAN TSUI VILLAGE SHA TAU KOK NEW TERRITORIES
P160	小學	福德學社小學     FUK TAK EDUCATION SOCIETY PRIMARY SCHOOL     http://www.shantsui.edu.hk	新界沙頭角崗下村	KONG HA VILLAGE SHA TAU KOK NEW TERRITORIES
P161	小學	福榮街官立小學     FUK WING STREET GOVERNMENT PRIM SCH     http://www.fwsgps.edu.hk	九龍深水埗福榮街２３１號	231 FUK WING STREET SHAMSHUIPO KOWLOON
P162	小學	福建中學附屬學校     FUKIEN SECONDARY SCHOOL AFFILIATED SCH     http://www.fssas.edu.hk	九龍觀塘油塘邨第二期	YAU TONG ESTATE PHASE 2 KWUN TONG KOWLOON
P163	小學	鳳溪創新小學     FUNG KAI INNOVATIVE SCHOOL     http://www.fkis.edu.hk	新界上水馬會道１９Ａ號	19A JOCKEY CLUB ROAD SHEUNG SHUI NEW TERRITORIES
P164	小學	鳳溪廖潤琛紀念學校     FUNG KAI LIU YUN-SUM MEMORIAL SCHOOL     http://www.lys.fungkai.edu.hk	新界粉嶺華明邨第一期	WAH MING ESTATE PHASE I FANLING NEW TERRITORIES
P165	小學	鳳溪第一小學     FUNG KAI NO.1 PRIMARY SCHOOL     http://www.fk1ps.edu.hk	新界上水馬會道１５號及１９號	15 & 19 JOCKEY CLUB ROAD SHEUNG SHUI NEW TERRITORIES
P166	小學	優才（楊殷有娣）書院     G. T. (ELLEN YEUNG) COLLEGE     http://www.gtschool.edu.hk	新界將軍澳嶺光街１０號	10 LING KWONG STREET TSEUNG KWAN O NEW TERRITORIES
P167	小學	優才（楊殷有娣）書院     G. T. (ELLEN YEUNG) COLLEGE     http://www.gtschool.edu.hk	九龍旺角洗衣街３１號	31 SAI YEE STREET MONGKOK KOWLOON
P168	小學	東莞工商總會張煌偉小學     GCC&ITKD CHEONG WONG WAI PRI SCH     http://www.cwwps.edu.hk	新界沙田新翠邨	SUN CHUI ESTATE SHATIN NEW TERRITORIES
P169	小學	葛量洪校友會黃埔學校     GCEPSA WHAMPOA PRIMARY SCHOOL     http://gcewps.edu.hk/	九龍紅磡黃埔花園德安街３０號	30 TAK ON STREET WHAMPOA GARDEN HUNG HOM KOWLOON
P170	小學	GERMAN SWISS INTERNATIONAL SCHOOL[AM]  http://www.gsis.edu.hk/	香港山頂僑福道１１及２２號	11 & 22 GUILDFORD ROAD THE PEAK HONG KONG
P171	小學	GERMAN SWISS INTERNATIONAL SCHOOL[AM]  http://www.gsis.edu.hk/	香港薄扶林薄扶林道１６２號	162 POK FU LAM ROAD POK FU LAM HONG KONG
P172	小學	GERMAN SWISS INTERNATIONAL SCHOOL     http://www.gsis.edu.hk/	香港山頂僑福道１１及２２號	11 & 22 GUILDFORD ROAD THE PEAK HONG KONG
P173	小學	激活英文小學     GIGAMIND ENGLISH PRIMARY SCHOOL     http://www.gigamind.edu.hk/	新界元朗天水圍天龍路九號嘉湖山莊美湖居Ａ座	BLOCK A MAYWOOD COURT, KINGSWOOD VILLAS 9 TIN LUNG ROAD TIN SHUI WAI, YUEN LONG NEW TERRITORIES
P174	小學	己連拿小學     GLENEALY SCHOOL     http://www.glenealy.edu.hk/	香港香雪道７號	7 HORNSEY ROAD MID-LEVEL HONG KONG
P175	小學	天主教善導小學     GOOD COUNSEL CATHOLIC PRIMARY SCHOOL     http://www.gccps.edu.hk	九龍深水埗廣利道９號	9 KWONG LEE ROAD SHAMSHUIPO KOWLOON
P176	小學	德望小學暨幼稚園     GOOD HOPE PRI SCH CUM KG     http://www.ghs.edu.hk/pri	九龍扎山道３８１－３８３號	381-383 JAT'S INCLINE KOWLOON
P177	小學	培生學校     GRACE CHRISTIAN ACADEMY     http://www.gca.edu.hk/	香港渣華道１０８號渣華道１０８商業中心１樓１及２室	UNIT 1 & 2, 1/F JAVA ROAD 108 COMMERCIAL CENTRE 108 JAVA ROAD HONG KONG
P178	小學	漢鼎書院     HAN ACADEMY     http://www.hanacademy.edu.hk	香港香港仔黃竹坑道３３－３５號創協坊地下至２字樓	G/F. - 2/F., GENESIS NOS. 33 - 35 WONG CHUK HANG ROAD ABERDEEN HONG KONG
P179	小學	哈羅香港國際學校     HARROW INTERNATIONAL SCHOOL HONG KONG     http://www.harrowschool.hk	新界屯門青盈路３８號	38 TSING YING ROAD TUEN MUN NEW TERRITORIES
P180	小學	靈實恩光學校     HAVEN OF HOPE SUNNYSIDE SCHOOL     http://www.sunnyside.edu.hk		DD 401, LOT 541 301 ANDERSON ROAD TSEUNG KWAN O NEW TERRITORIES
P181	小學	協恩中學附屬小學     HEEP YUNN PRIMARY SCHOOL     http://www.hyps.edu.hk	九龍農圃道１號	1 FARM ROAD KOWLOON
P182	小學	軒尼詩道官立小學（銅鑼灣）     HENNESSY RD GOVT PRI SCH (CAUSEWAY BAY)     http://hgp.hkcampus.net	香港銅鑼灣東院道３號	3 EASTERN HOSPITAL ROAD CAUSEWAY BAY HONG KONG
P183	小學	軒尼詩道官立小學     HENNESSY ROAD GOVERNMENT PRIMARY SCH    http://www.hrgps.edu.hk/	香港灣仔譚臣道１６９號	169 THOMSON ROAD WANCHAI HONG KONG
P184	小學	香海正覺蓮社佛教陳式宏學校     HHCKLA BUDDHIST CHAN SHI WAN PRIMARY SCH     http://www.bcsw.edu.hk	新界上水彩園邨	CHOI YUEN ESTATE SHEUNG SHUI NEW TERRITORIES
P185	小學	香海正覺蓮社佛教正覺蓮社學校     HHCKLA BUDDHIST CHING KOK LIN ASS SCHOOL     http://www.bcklas.edu.hk	新界粉嶺一鳴路１２號	12 YAT MING ROAD FANLING NEW TERRITORIES
P186	小學	香海正覺蓮社佛教普光學校     HHCKLA BUDDHIST PO KWONG SCHOOL     http://www.pokwong.edu.hk	新界粉嶺欣盛里２號	2 YAN SHING LANE FANLING NEW TERRITORIES
P187	小學	香海正覺蓮社佛教正慧小學     HHCKLA BUDDHIST WISDOM PRI SCH     http://www.wisdom.edu.hk	新界上水清城路６號	6 CHING SHING ROAD SHEUNG SHUI NEW TERRITORIES
P188	小學	香海正覺蓮社佛教黃藻森學校     HHCKLA BUDDHIST WONG CHO SUM SCHOOL     http://www.bwcss.edu.hk	新界將軍澳景林邨	KING LAM ESTATE TSEUNG KWAN O NEW TERRITORIES
P189	小學	興德學校     HING TAK SCHOOL     http://www.hingtak.edu.hk	新界屯門慶平路	HING PING ROAD TUEN MUN NEW TERRITORIES
P190	小學	港澳信義會明道小學     HK & MACAU LUTHERAN CH MING TAO PRI SCH    http://www.hkmlc-mtps.edu.hk	新界將軍澳第七十四區彩明苑	AREA 74 CHOI MING COURT TSEUNG KWAN O NEW TERRITORIES
P191	小學	港澳信義會小學     HK & MACAU LUTHERAN CHURCH PRI SCH     http://www.hkmlcps.edu.hk	新界將軍澳集福路４號	4 CHAP FUK ROAD TSEUNG KWAN O NEW TERRITORIES
P192	小學	港澳信義會黃陳淑英紀念學校     HK & MC LU CH WONG CHAN SOOK YING MEM SC     http://www.wcsy.edu.hk/	新界元朗錦繡花園	FAIRVIEW PARK D D 104 LOT 4665 ORCHID ROAD EAST TAI SHANG WAI YUEN LONG NEW TERRITORIES
P193	小學	僑港伍氏宗親會伍時暢紀念學校     HK ENG CLANSMAN ASSN WU SI CHONG MEM SCH     http://www.wusichong.edu.hk	新界屯門建生邨屋邨小學校舍	ESTATE PRIMARY SCHOOL KIN SANG ESTATE TUEN MUN NEW TERRITORIES
P194	小學	香港紅十字會甘迺迪中心     HK RED CROSS JOHN F KENNEDY CENTRE     http://www.jfk.edu.hk/	香港大口環大口環道１５及１７號	15& 17 SANDY BAY ROAD SANDY BAY HONG KONG
P195	小學	香港紅十字會瑪嘉烈戴麟趾學校     HK RED CROSS MARGARET TRENCH SCHOOL     http://www.mts.edu.hk	九龍黃大仙牛池灣平定道東１０號	10 PING TING ROAD EAST, NGAU CHI WAN WONG TAI SIN KOWLOON
P196	小學	香港紅十字會雅麗珊郡主學校     HK RED CROSS PRINCESS ALEXANDRA SCHOOL     http://www.parcrs.edu.hk	九龍觀塘復康徑８號及９號內之兩層宿舍樓	NO 8 AND TWO-STOREY DORMITORY AT NO 9 REHAB PATH KWUN TONG KOWLOON
P197	小學	香港四邑商工總會新會商會學校     HK SZE YAP C&IA SAN WUI COMM SOCIETY SCH     http://www.sycias.edu.hk	九龍大坑東棠蔭街２１號	21 TONG YAM STREET TAI HANG TUNG KOWLOON
P198	小學	香港道教聯合會雲泉學校     HK TAOIST ASSOCIATION WUN TSUEN SCH     http://www.hktawts.edu.hk	九龍安善道牛頭角上邨	UPPER NGAU TAU KOK ESTATE ON SHIN ROAD KOWLOON
P199	小學	港九街坊婦女會孫方中小學     HK&KLNKW ASSO SUN FONG CHUNG PRI SCH     http://www.sfc.edu.hk/	新界大埔第十七區富善邨第三期屋邨小學第三校舍	ESTATE PRIMARY SCHOOL NO. 3 FU SHIN ESTATE, PHASE III, AREA 17 TAI PO NEW TERRITORIES
P200	小學	香港浸會大學附屬學校王錦輝中小學     HKBUAS WONG KAM FAI SEC & PRI SCH     http://www.hkbuas.edu.hk	新界沙田石門安睦里６號	6 ON MUK LANE, SHEK MUN SHATIN NEW TERRITORIES
P201	小學	保良局建造商會學校     HKCA PO LEUNG KUK SCHOOL   	香港香港天后廟道６２號	62 TIN HAU TEMPLE ROAD HONG KONG
P202	小學	香港華人基督教聯會真道書院     HKCCC UNION LOGOS ACADEMY     http://www.logosacademy.edu.hk	新界將軍澳嶺光街五號	5 LING KWONG STREET TSEUNG KWAN O NEW TERRITORIES
P203	小學	香港中國婦女會丘佐榮學校     HKCWC HIOE TJO YOENG PRI SCH     http://www.hkcwc-htyps.edu.hk	香港筲箕灣西灣河街６１號	61 SAI WAN HO STREET SHAUKIWAN HONG KONG
P204	小學	香港教育工作者聯會黃楚標學校     HKFEW WONG CHO BAU SCHOOL     http://www.hkfewwcb.edu.hk	新界大嶼山東涌逸東邨	YAT TUNG ESTATE TUNG CHUNG LANTAU ISLAND NEW TERRITORIES
P205	小學	香港青年協會李兆基小學     HKFYG LEE SHAU KEE PRIMARY SCHOOL     http://www.lskps.edu.hk	新界元朗天水圍天榮路十一號	11 TIN WING ROAD TIN SHUI WAI YUEN LONG NEW TERRITORIES
P206	小學	香港紅卍字會屯門卍慈小學     HKRSS TUEN MUN PRIMARY SCHOOL     http://www.hkrsstmps.edu.hk	新界屯門一區良景邨	LEUNG KING ESTATE AREA 1 TUEN MUN NEW TERRITORIES
P207	小學	香港四邑商工總會陳南昌紀念學校     HKSYC&IA CHAN NAM CHONG MEMORIAL SCHOOL     http://www.cncms.edu.hk	新界葵涌榮芳路二十二號	22 WING FONG ROAD KWAI CHUNG NEW TERRITORIES
P208	小學	香港道教聯合會純陽小學     HKTA SHUN YEUNG PRIMARY SCHOOL     http://www.syps.edu.hk/	新界沙田馬鞍山鞍駿街３０號	30 ON CHUN STREET MA ON SHAN, SHATIN NEW TERRITORIES
P209	小學	香港道教聯合會雲泉吳禮和紀念學校     HKTA WUN TSUEN NG LAI WO MEMORIAL SCHOOL     http://www.nlw.edu.hk/	新界大埔第１６區大元邨屋邨第３小學	ESTATE PRIMARY SCHOOL NO.3 TAI YUEN ESTATE AREA 16 TAI PO NEW TERRITORIES
P210	小學	香港道教聯合會圓玄學院石圍角小學     HKTA YUEN YUEN INST SHEK WAI KOK PRI SCH    http://www.swk.edu.hk	新界荃灣石圍角邨屋邨第２小學	ESTATE PRIMARY SCHOOL NO. 2 SHEK WAI KOK ESTATE TSUEN WAN NEW TERRITORIES
P211	小學	香港道教聯合會圓玄學院陳呂重德紀念學校     HKTAYYI CHAN LUI CHUNG TAK MEMORIAL SCH    http://www.clcts.edu.hk	九龍油塘高超道	KO CHIU ROAD YAU TONG KOWLOON
P212	小學	港大同學會小學     HKUGA PRIMARY SCHOOL     http://www.hkugaps.edu.hk	香港柴灣怡盛街９號	9 YEE SHING STREET CHAI WAN HONG KONG
P213	小學	嗇色園主辦可立小學     HO LAP PRI SCH(SPSD BY SIK SIK YUEN)     http://www.holap-p.edu.hk	九龍黃大仙慈雲山慈樂邨第二期	TSZ LOK ESTATE PHASE II TSZ WAN SHAN WONG TAI SIN KOWLOON
P214	小學	嗇色園主辦可銘學校     HO MING PRI SCH SPSD BY SIK SIK YUEN     http://www.homing.edu.hk/	新界元朗天水圍天柏路２號	2 TIN PAK ROAD TIN SHUI WAI, YUEN LONG NEW TERRITORIES
P215	小學	嗇色園主辦可信學校     HO SHUN PRI SCH (SPSD BY SIK SIK YUEN)     http://www.hoshun.edu.hk	新界梨木樹邨屋邨第３校舍	ESTATE SCHOOL NO. 3 LEI MUK SHUE ESTATE NEW TERRITORIES
P216	小學	嗇色園主辦可譽中學暨可譽小學     HO YU COLL & PRI (SPON BY SIK SIK YUEN)     http://www.hoyu.edu.hk	新界東涌健東路４–６號	4-6, KIN TUNG ROAD TUNG CHUNG NEW TERRITORIES
P217	小學	海壩街官立小學     HOI PA STREET GOVERNMENT PRIMARY SCH     http://www.hpsgps.edu.hk/	新界荃灣啓志街１號	1 KAI CHI CLOSE TSUEN WAN NEW TERRITORIES
P218	小學	旅港開平商會學校     HOI PING CHAMBER OF COMMERCE PRI SCH     http://www.hpccps.edu.hk	九龍荔枝角道７００號	700 LAICHIKOK ROAD KOWLOON
P219	小學	天神嘉諾撒學校     HOLY ANGELS CANOSSIAN SCHOOL     http://www.hacs.edu.hk	九龍紅磡鶴園街２１號	21 HOK YUEN STREET HUNG HOM KOWLOON
P220	小學	路德會聖十架學校     HOLY CROSS LUTHERAN SCHOOL     http://www.hcls.edu.hk	新界荃灣路德圍３１號	31 LO TAK COURT TSUEN WAN NEW TERRITORIES
P221	小學	嘉諾撒聖家學校（九龍塘）     HOLY FAMILY CANOSSIAN SCH (KLN TONG)     http://www.holyfamilykt.edu.hk	九龍九龍塘添福道８號	8 TIM FUK ROAD KOWLOON TONG KOWLOON
P222	小學	嘉諾撒聖家學校     HOLY FAMILY CANOSSIAN SCHOOL     http://www.hfkc.edu.hk	九龍九龍城聯合道１０２號	102 JUNCTION ROAD KOWLOON CITY KOWLOON
P223	小學	聖家學校     HOLY FAMILY SCHOOL     http://www.holyfamily.edu.hk	新界坪洲聖家路１號	1 SHING KA ROAD PENG CHAU NEW TERRITORIES
P224	小學	聖三一堂小學     HOLY TRINITY PRIMARY SCHOOL     http://www.htps.edu.hk	九龍富寧街５７號	57 FU NING STREET KOWLOON
P225	小學	漢華中學     HON WAH COLLEGE     http://www.honwah.edu.hk	香港小西灣富欣道３號	3 HARMONY ROAD SIU SAI WAN HONG KONG
P226	小學	匡智元朗晨樂學校     HONG CHI MORNINGJOY SCHOOL, YUEN LONG     http://www.yljoy.edu.hk/	新界元朗元朗體育路１１號	11 YUEN LONG TAI YUK ROAD YUEN LONG NEW TERRITORIES
P227	小學	匡智屯門晨曦學校     HONG CHI MORNINGLIGHT SCHOOL, TUEN MUN     http://www.hctmml.edu.hk	新界屯門育青里２號	2 YUK TSING LANE TUEN MUN NEW TERRITORIES
P228	小學	匡智獅子會晨崗學校     HONG CHI LIONS MORNINGHILL SCHOOL     http://www.hclions.edu.hk	香港跑馬地藍塘道１５９號	159 BLUE POOL ROAD HAPPY VALLEY HONG KONG
P229	小學	匡智翠林晨崗學校     HONG CHI MORNINGHILL SCHOOL, TSUI LAM     http://www.hcmstl.edu.hk	新界將軍澳翠林邨	TSUI LAM ESTATE TSEUNG KWAN O NEW TERRITORIES
P230	小學	匡智屯門晨崗學校     HONG CHI MORNINGHILL SCHOOL, TUEN MUN     http://www.mhs.edu.hk	新界屯門育青里２號	2 YUK TSING LANE TUEN MUN NEW TERRITORIES
P231	小學	匡智屯門晨輝學校     HONG CHI MORNINGHOPE SCHOOL, TUEN MUN    http://www.hctmhope.edu.hk	新界屯門青麟路２號	NO 2 TSING LUN ROAD TUEN MUN NEW TERRITORIES
P232	小學	匡智元朗晨曦學校     HONG CHI MORNINGLIGHT SCHOOL, YUEN LONG     http://www.hcmlsyl.edu.hk	新界元朗錦綉花園荔枝北路１３３號	133 LYCHEE ROAD NORTH FAIRVIEW PARK, YUEN LONG NEW TERRITORIES
P233	小學	匡智松嶺第二校     HONG CHI PINEHILL NO.2 SCHOOL     http://www.hcp2.edu.hk/chi/	新界大埔南坑１６９１地段	DD11 LOT1691 NAM HANG TAI PO NEW TERRITORIES
P234	小學	匡智松嶺第三校     HONG CHI PINEHILL NO.3 SCHOOL     http://www.hcp3.edu.hk	新界大埔南坑	NAM HANG TAI PO NEW TERRITORIES
P235	小學	匡智松嶺學校     HONG CHI PINEHILL SCHOOL     http://www.hcphs.edu.hk	新界大埔南坑大埔市地段第３４號	NAM HANG, TPTL 34 TAI PO NEW TERRITORIES
P236	小學	匡智張玉瓊晨輝學校     HONG CHI WINIFRED MARY CHEUNG MORN SCH     http://www.hcwmc.edu.hk	新界葵涌荔景山路２２０號	220 LAI KING HILL ROAD KWAI CHUNG NEW TERRITORIES
P237	小學	香港學堂國際學校     HONG KONG ACADEMY     http://www.hkacademy.edu.hk/	新界西貢惠民路３３號	33 WAI MAN ROAD SAI KUNG NEW TERRITORIES
P238	小學	香港復臨學校     HONG KONG ADVENTIST ACADEMY     http://www.hkaa.edu.hk/	新界西貢清水灣道１１１１號	1111 CLEAR WATER BAY ROAD SAI KUNG NEW TERRITORIES
P239	小學	香港浸信會聯會小學     HONG KONG BAPTIST CONVENTION PRIMARY SCH     http://www.hkbcps.edu.hk	新界荃灣麗順路２號麗城花園	BELVEDERE GARDEN 2 LAI SHUN ROAD TSUEN WAN NEW TERRITORIES
P240	小學	香港基督教服務處培愛學校     HONG KONG CHRISTIAN SERVICE PUI OI SCH   	新界屯門恆貴街６及８號	6 AND 8 HANG KWAI STREET TUEN MUN NEW TERRITORIES
P241	小學	HONG KONG INTERNATIONAL SCHOOL     http://www.hkis.edu.hk/	香港淺水灣南灣坊６及２３號	6 & 23 SOUTH BAY CLOSE REPULSE BAY HONG KONG
P242	小學	香港紅十字會醫院學校     HONG KONG RED CROSS HOSPITAL SCHOOLS     http://www.hkrchs.edu.hk	新界大埔全安路１１號雅麗氏何妙齡那打素醫院	ALICE HO MIU LING NETHERSOLE HOSPITAL 11 CHUEN ON ROAD TAI PO NEW TERRITORIES
P243	小學	香港紅十字會醫院學校     HONG KONG RED CROSS HOSPITAL SCHOOLS     http://www.hkrchs.edu.hk	九龍窩打老道２５號廣華醫院	KWONG WAH HOSPITAL 25 WATERLOO ROAD KOWLOON
P244	小學	香港南區官立小學     HONG KONG SOUTHERN DISTRICT GOVT PRI SCH     http://www.hksdgps.edu.hk	香港鴨脷洲鴨脷洲橋道３２５號	325 APLEICHAU BRIDGE RD APLEICHAU HONG KONG
P245	小學	香港學生輔助會小學     HONG KONG STUDENT AID SOCIETY PRI SCHOOL     http://www.hksasps.edu.hk/	新界元朗天水圍天業路２號	2 TIN YIP ROAD TIN SHUI WAI, YUEN LONG NEW TERRITORIES
P246	小學	HONGKONG JAPANESE SCHOOL     http://www.hkjs.edu.hk/	香港藍塘道１５７號	157 BLUE POOL ROAD HONG KONG
P247	小學	合一堂學校     HOP YAT CHURCH SCHOOL     http://www.hycs.edu.hk	九龍何文田公主道七號	7 PRINCESS MARGARET ROAD HOMANTIN KOWLOON
P248	小學	合一堂學校     HOP YAT CHURCH SCHOOL     http://www.hycs.edu.hk	九龍何文田巴富街６號	6 PERTH STREET HOMANTIN KOWLOON
P249	小學	聖母無玷聖心學校     IMMACULATE HEART OF MARY SCHOOL     http://www.ihms.edu.hk	沙田大圍美田路１號	1 MEI TIN ROAD TAI WAI, SHA TIN
P250	小學	弘立書院     INDEPENDENT SCHOOLS FOUNDATION ACADEMY     http://www.isf.edu.hk	香港薄扶林鋼綫灣道１號	1 KONG SIN WAN ROAD POKFULAM HONG KONG
P251	小學	基督教國際學校     INTERNATIONAL CHRISTIAN SCHOOL     http://www.ics.edu.hk/	新界沙田安睦里１號	1 ON MUK LANE SHATIN NEW TERRITORIES
P252	小學	蒙特梭利國際學校     INTERNATIONAL MONTESSORI SCH - AN IMEF   	香港赤柱馬坑邨第三期	MA HANG ESTATE, PHASE III STANLEY HONG KONG
P253	小學	國際基督教優質音樂中學暨小學     INTL CHR QUALITY MUSIC SEC & PRI SCHOOL     http://www.icqm.edu.hk	九龍鑽石山蒲崗村道１８２號	182 PO KONG VILLAGE ROAD DIAMOND HILL KOWLOON KOWLOON
P254	小學	INT'L COLLEGE HK HONG LOK YUEN (PRI SEC)     http://www.ichk.edu.hk/		3 & 3A TWENTIETH STREET HONG LOK YUEN TAI PO NEW TERRITORIES
P255	小學	伊斯蘭鮑伯濤紀念小學     ISLAMIC DHARWOOD PAU MEMORIAL PRI SCH     http://www.idpmps.edu.hk/	九龍慈雲山慈樂邨第一期	TSZ LOK ESTATE, PHASE I TSZ WAN SHAN KOWLOON
P256	小學	伊斯蘭學校     ISLAMIC PRIMARY SCHOOL     http://www.islamps.edu.hk	新界屯門友愛邨愛德里２號	2 OI TAK LANE YAU OI ESTATE TUEN MUN NEW TERRITORIES
P257	小學	ISLAND CHRISTIAN ACADEMY     http://islandca.edu.hk	香港必列者士街７０號	70 BRIDGES STREET HONG KONG
P258	小學	香島道官立小學     ISLAND ROAD GOVERNMENT PRIMARY SCHOOL     http://www.irgps.edu.hk	香港香港仔崇文街２０號	20 TSUNG MAN STREET ABERDEEN HONG KONG
P259	小學	香島華德福學校     ISLAND WALDORF SCHOOL     http://iwshk.org/	香港士美菲路７１－７７號嘉輝花園低層地下部份及地下１號舖	PORTION OF LOWER G/F. & SHOP 1 G/F., SMITHFIELD TERRACE 71-77 SMITHFIELD HONG KONG
P260	小學	耀山學校     IU SHAN SCHOOL     http://www.iushan.edu.hk	九龍嘉林邊道２４號	24 GRAMPIAN ROAD KOWLOON
P261	小學	JAPANESE INTERNATIONAL SCHOOL     http://www.jis.edu.hk/	新界大埔大埔公路４６６３號	NO 4663 TAI PO ROAD TAI PO NEW TERRITORIES
P262	小學	賽馬會匡智學校     JOCKEY CLUB HONG CHI SCHOOL     http://www.jchcs.edu.hk	香港灣仔活道２９號Ｇ－３樓	G-3/F 29 WOOD ROAD WANCHAI HONG KONG
P263	小學	賽馬會善樂學校     JOCKEY CLUB SARAH ROE SCHOOL     http://www.jcsrs.edu.hk/	九龍何文田天光道２Ｂ號賽馬會善樂樓地下及１樓（不包括儲物櫃房）	G/F & 1/F (EXCEPT THE LOCKERS ROOM) JOCKEY CLUB SARAH ROE BUILDING 2B TIN KWONG ROAD HOMANTIN KOWLOON
P264	小學	佐敦道官立小學     JORDAN ROAD GOVERNMENT PRIMARY SCHOOL     http://www.jrgps.edu.hk	九龍油麻地南京街１號Ｂ	1B NANKING STREET YAUMATEI KOWLOON
P265	小學	佐敦谷聖若瑟天主教小學     JORDAN VALLEY ST JOSEPH'S CATHOLIC PS     http://www.jvsj.edu.hk/	九龍彩霞道８０號	80 CHOI HA ROAD KOWLOON
P266	小學	寶血會嘉靈學校     KA LING SCHOOL OF THE PRECIOUS BLOOD     http://www.kalingpb.edu.hk	九龍深水埗海壇街２８０號	280 HAI TAN STREET SHAMSHUIPO KOWLOON
P267	小學	錦田公立蒙養學校     KAM TIN MUNG YEUNG PUBLIC SCHOOL     http://www.ktmy.edu.hk/	新界元朗錦田（包括避雨亭）	KAM TIN YUEN LONG NEW TERRITORIES
P268	小學	金錢村何東學校     KAM TSIN VILLAGE HO TUNG SCHOOL     http://www.ktvhts.edu.hk	新界上水金錢村	KAM TSIN VILLAGE SHEUNG SHUI NEW TERRITORIES
P269	小學	救恩學校     KAU YAN SCHOOL     http://www.kauyan.edu.hk	香港西營盤高街９７號Ａ及Ｂ	97A & 97B HIGH STREET SAI YING PUN HONG KONG
P270	小學	九龍城浸信會禧年（恩平）小學     KCBC HAY NIEN (YAN PING) PRI SCH     http://www.hnyp.edu.hk	新界沙田新翠邨	SUN CHUI ESTATE SHATIN NEW TERRITORIES
P271	小學	KELLETT SCHOOL   	九龍九龍灣臨興街７號	7 LAM HING STREET KOWLOON BAY KOWLOON
P272	小學	KELLETT SCHOOL     http://www.kellettschool.com/	香港華富華樂徑２號第１期第１階及第２階地下至３樓、４樓天台操場	2 WAH LOK PATH, PHASE 1 STAGE I & STAGE II G/F - 3/F & ROOF PLAYGROUND ON 4/F WAH FU HONG KONG
P273	小學	KENNEDY SCHOOL     http://ks.esf.edu.hk/	香港大口環沙灣徑１９號	19 SHA WAN DRIVE SANDY BAY HONG KONG
P274	小學	蘇浙小學校 [上午] KIANGSU & CHEKIANG PRIMARY SCHOOL[AM]  http://www.kcis.edu.hk/	香港北角清華街３０號	30 CHING WAH STREET, NORTH POINT HONG KONG
P275	小學	蘇浙小學校     KIANGSU & CHEKIANG PRIMARY SCHOOL     http://www.kcis.edu.hk/	香港北角清華街３０號	30 CHING WAH STREET, NORTH POINT HONG KONG
P276	小學	蘇浙小學校     KIANGSU & CHEKIANG PRIMARY SCHOOL     http://www.kcis.edu.hk/	香港寶馬山道２０號１樓及２樓	1/F & 2/F 20 BRAEMAR HILL ROAD HONG KONG
P277	小學	景林天主教小學     KING LAM CATHOLIC PRIMARY SCHOOL     http://www.klcps.edu.hk	新界將軍澳寶琳北路３８號景林邨	KING LAM ESTATE 38 PO LAM ROAD NORTH TSEUNG KWAN O NEW TERRITORIES
P278	小學	英皇書院同學會小學     KING'S COLL OLD BOYS' ASSN PRI SCH     http://www.kcobaps1.edu.hk	香港必列者士街５８號	58 BRIDGES STREET HONG KONG
P279	小學	英皇書院同學會小學第二校     KING'S COLL OLD BOYS' ASSN PRI SCH NO. 2     http://www.kcobaps2.edu.hk	香港上環普慶坊４０號	40 PO HING FONG SHEUNG WAN HONG KONG
P280	小學	京斯敦國際學校     KINGSTON INTERNATIONAL SCHOOL     http://www.kingston.edu.hk/	九龍九龍塘窩打老道１０５號及窩打老道１１３號地下至１樓	105 WATERLOO ROAD AND G/F - 1/F 113 WATERLOO ROAD KOWLOON TONG KOWLOON
P281	小學	九龍灣聖若翰天主教小學     KLN BAY ST JOHN THE BAPTIST CATH PRI SC     http://www.kbsjb.edu.hk	九龍觀塘啓業道２３號	23 KAI YIP ROAD KWUN TONG KOWLOON
P282	小學	九龍塘方方樂趣英文小學     KLT FUNFUL ENGLISH PRIMARY SCHOOL     http://www.funful.hk	九龍九龍塘金巴倫道一號地下及一樓	G/F & 1/F 1 CUMBERLAND ROAD KOWLOON TONG KOWLOON
P283	小學	KOREAN INTERNATIONAL SCHOOL     http://www.kis.edu.hk/	香港西灣河鯉景道５５號（內地段８８０２）	55 LEI KING ROAD SAI WAN HO (IL 8802) HONG KONG
P284	小學	九龍城浸信會禧年小學     KOWLOON CITY BAPTIST CH HAY NIEN PRI SCH    http://www.haynien.edu.hk	新界沙田馬鞍山恆信街３號富安花園	CHEVALIER GARDEN 3 HANG SHUN STREET MA ON SHAN SHATIN NEW TERRITORIES
P285	小學	KOWLOON JUNIOR SCHOOL     http://www.kjs.edu.hk/	九龍巴富街２０號	20 PERTH STREET KOWLOON
P286	小學	九龍禮賢學校     KOWLOON RHENISH SCHOOL     http://www.krs.edu.hk	九龍又一村石竹路２Ａ號	2A DIANTHUS ROAD YAU YAT CHUEN KOWLOON
P287	小學	九龍塘天主教華德學校     KOWLOON TONG BISHOP WALSH CATHOLIC SCH     http://www.ktbwcs.edu.hk	九龍延文禮士道３９號	39 INVERNESS ROAD KOWLOON
P288	小學	九龍塘官立小學     KOWLOON TONG GOVERNMENT PRI SCH     http://www.klntong.edu.hk	九龍九龍塘添福路六號	6 TIM FUK ROAD KOWLOON TONG KOWLOON
P289	小學	九龍塘學校     KOWLOON TONG SCHOOL     http://www.ktsps.edu.hk	九龍九龍塘金巴倫道舒梨里２７２１地段	NKIL 2721 SURREY LANE CUMBERLAND ROAD KOWLOON TONG KOWLOON
P290	小學	九龍真光中學（小學部）     KOWLOON TRUE LIGHT SCH (PRIMARY SECTION)   	九龍窩打老道１１５號	115 WATERLOO ROAD KOWLOON
P291	小學	九龍婦女福利會李炳紀念學校     KOWLOON WOMEN'S WEL CLUB LI PING MEM SCH     http://www.kwwclpms.edu.hk	九龍衛理道３３號	33 WYLIE ROAD KOWLOON
P292	小學	寶血會伍季明紀念學校     KWAI-MING WU MEM SCH OF PRECIOUS BLOOD    http://www.kmw.edu.hk	新界荃灣蕙荃路２２－６６號綠楊新邨	LUK YEUNG SUN CHUEN 22-66 WAI TSUEN ROAD TSUEN WAN NEW TERRITORIES
P293	小學	國民學校     KWOK MAN SCHOOL     http://www.cckms.edu.hk	新界長洲國民路３０號	30 KWOK MAN ROAD CHEUNG CHAU NEW TERRITORIES
P294	小學	光明學校     KWONG MING SCHOOL     http://www.kms.edu.hk/	新界元朗水邊圍邨	SHUI PIN WAI ESTATE YUEN LONG NEW TERRITORIES
P295	小學	光明英來學校     KWONG MING YING LOI SCHOOL     http://www.kmyls.edu.hk	新界元朗元政路１２號	12 YUEN CHING ROAD YUEN LONG NEW TERRITORIES
P296	小學	觀塘官立小學〈秀明道〉     KWUN TONG GOV PRI SCH (SAU MING ROAD)     http://www.ktgps-smr.edu.hk	九龍官塘秀茂坪秀明道一百三十號	130 SAU MING RD SAU MAU PING KWUN TONG KOWLOON
P297	小學	觀塘官立小學     KWUN TONG GOVERNMENT PRIMARY SCHOOL     http://www.ktgps.edu.hk	九龍觀塘牛頭角道２４０號	240 NGAU TAU KOK ROAD KWUN TONG KOWLOON
P298	小學	喇沙小學     LA SALLE PRIMARY SCHOOL     http://www.la-salle.edu.hk	九龍喇沙利道１Ｄ號	1D LA SALLE ROAD KOWLOON
P299	小學	荔枝角天主教小學     LAICHIKOK CATHOLIC PRIMARY SCHOOL     http://www.lcps.edu.hk	九龍深水埗興華街西６號	6 HING WAH STREET WEST SHAM SHUI PO KOWLOON
P300	小學	藍田循道衛理小學     LAM TIN METHODIST PRIMARY SCHOOL     http://www.ltmps.edu.hk	九龍觀塘藍田平田邨安田街	ON TIN STREET PING TIN ESTATE LAM TIN, KWUN TONG KOWLOON
P301	小學	林村公立黃福鑾紀念學校     LAM TSUEN PUB WONG FOOK LUEN MEM SCH     http://www.wfl.edu.hk/	新界大埔太和邨第一期屋邨第一小學	ESTATE PRIMARY SCHOOL 1 TAI WO ESTATE, PHASE 1 TAI PO NEW TERRITORIES
P302	小學	LANTAU INTERNATIONAL SCHOOL     http://www.lis.edu.hk/	新界大嶼山塘福塘福村丈量約份３２８號	DD 328, TONG FUK VILLAGE TONG FUK LANTAU ISLAND NEW TERRITORIES
P303	小學	LANTAU INTERNATIONAL SCHOOL     http://www.lis.edu.hk/	新界大嶼山貝澳丈量約份３１６號地段２８５２號地下至二樓及毗鄰的政府用地	G/F-2/F AND GOVERNMENT LAND ADJOINING LOT 2852 DD 316 PUI O LANTAU ISLAND NEW TERRITORIES
P304	小學	LANTAU INTERNATIONAL SCHOOL   	新界大嶼山丈量約份３３２Ｌ號（租約２２２９）長沙上村	CHEUNG SHA UPPER VILLAGE DD332L (CX2229) LANTAU ISLAND NEW TERRITORIES
P305	小學	李志達紀念學校     LEE CHI TAT MEMORIAL SCHOOL     http://www.lctms.edu.hk	新界上水石湖墟天平路３０號	30 TIN PING ROAD SHEK WU HUI, SHEUNG SHUI NEW TERRITORIES
P306	小學	梨木樹天主教小學     LEI MUK SHUE CATHOLIC PRIMARY SCHOOL     http://www.lmscps.edu.hk	新界荃灣梨木樹邨第二校舍	ESTATE SCHOOL NO. 2 LEI MUK SHUE ESTATE TSUEN WAN NEW TERRITORIES
P307	小學	路德會梁鉅鏐小學     LEUNG KUI KAU LUTHERAN PRIMARY SCHOOL     http://www.lkklps.edu.hk	新界沙田安景街５號	5 ON KING STREET SHATIN NEW TERRITORIES
P308	小學	李鄭屋官立小學     LI CHENG UK GOVERNMENT PRIMARY SCHOOL    http://www.lcu.edu.hk	九龍深水埗東京街４３號	43 TONKIN STREET SHAMSHUIPO KOWLOON
P309	小學	李陞小學     LI SING PRIMARY SCHOOL     http://www.lsps.edu.hk	香港西營盤高街１１９號	119 HIGH STREET SAI YING PUN HONG KONG
P310	小學	李陞大坑學校     LI SING TAI HANG SCHOOL     http://www.lsths.edu.hk	香港大坑浣紗街７３號	73 WUN SHA STREET TAI HANG HONG KONG
P311	小學	靈糧堂秀德小學     LING LIANG CHURCH SAU TAK PRIMARY SCHOOL     http://www.llcst.edu.hk	新界大嶼山東涌文東路３５號	35 MAN TUNG ROAD, TUNG CHUNG LANTAU ISLAND NEW TERRITORIES
P312	小學	天主教領島學校     LING TO CATHOLIC PRIMARY SCHOOL     http://www.lingto.edu.hk	九龍何文田俊民苑屋邨小學	ESTATE PRIMARY SCHOOL CHUN MAN COURT HOMANTIN KOWLOON
P313	小學	嶺南大學香港同學會小學     LINGNAN U ALUMNI ASSN (HK) PRIMARY SCH     http://www.luaaps.edu.hk	九龍深水埗白田街３３號	33 PAK TIN STREET SHAM SHUI PO KOWLOON
P314	小學	獅子會何德心小學     LIONS CLUBS INTL HO TAK SUM PRI SCH     http://www.htsps.edu.hk	新界元朗天水圍三區第四期（第二小學）	AREA 3 (PS2) PHASE 4 TIN SHUI WAI YUEN LONG NEW TERRITORIES
P315	小學	世界龍岡學校劉德容紀念小學     LKWFS LAU TAK YUNG MEMORIAL PRI SCH     http://www.ltyschool.edu.hk	新界屯門湖翠路２６３號標準小學	STANDARD PRIMARY SCHOOL 263 WU CHUI ROAD TUEN MUN NEW TERRITORIES
P316	小學	世界龍岡學校黃耀南小學     LKWFS WONG YIU NAM PRIMARY SCHOOL     http://www.wynps.edu.hk  http://ynp.hkcampus.net	新界沙田５３Ａ區廣源邨第一期屋邨小學	ESTATE PRIMARY SCHOOL AREA 53A KWONG YUEN ESTATE PHASE 1 SHATIN NEW TERRITORIES
P317	小學	樂善堂劉德學校     LOK SIN TONG LAU TAK PRIMARY SCHOOL     http://www.lautak.edu.hk	新界將軍澳寶林邨	PO LAM ESTATE TSEUNG KWAN O NEW TERRITORIES
P318	小學	樂善堂梁銶琚學校     LOK SIN TONG LEUNG KAU KUI PRI SCH     http://www.lst-lkkps.edu.hk/	新界元朗天水圍天瑞邨	TIN SHUI ESTATE TIN SHUI WAI, YUEN LONG NEW TERRITORIES
P319	小學	樂善堂梁黃蕙芳紀念學校     LOK SIN TONG LEUNG WONG WAI FONG MEM SCH     http://www.lstlwwf.edu.hk	新界屯門第７及第８區山景邨	SHAN KING ESTATE AREA 7 & 8 TUEN MUN NEW TERRITORIES
P320	小學	樂善堂小學     LOK SIN TONG PRIMARY SCHOOL     http://www.lstps.edu.hk	九龍九龍城龍崗道６３號	63 LUNG KONG ROAD KOWLOON CITY KOWLOON
P321	小學	樂善堂楊仲明學校     LOK SIN TONG YEUNG CHUNG MING PRI SCH     http://www.ycmps.edu.hk	九龍牛頭角樂華南邨	LOK WAH SOUTH ESTATE NGAU TAU KOK KOWLOON
P322	小學	樂華天主教小學     LOK WAH CATHOLIC PRIMARY SCHOOL     http://www.lwcps.edu.hk	九龍觀塘振華道八十一號	81 CHUN WAH ROAD KWUN TONG KOWLOON
P323	小學	樂善堂梁銶琚學校（分校）     LST LEUNG KAU KUI PRIMARY SCHOOL (BR)     http://lst-lkkb.edu.hk	新界元朗天水圍天恩邨	TIN YAN ESTATE TIN SHUI WAI, YUEN LONG NEW TERRITORIES
P324	小學	路德會呂祥光小學     LUI CHEUNG KWONG LUTHERAN PRIMARY SCHOOL     http://www.lckps.edu.hk	新界屯門安定邨	ON TING ESTATE TUEN MUN NEW TERRITORIES
P325	小學	路德會啓聾學校     LUTHERAN SCHOOL FOR THE DEAF     http://www.lsd.edu.hk	新界葵涌興盛路８９號	89 HING SHING ROAD KWAI CHUNG NEW TERRITORIES
P326	小學	香港路德會增城兆霖學校     LUTHERAN TSANG SHING SIU LEUN SCHOOL     http://www.siuleunsch.edu.hk	新界屯門第２８區蝴蝶邨第３期屋邨小學第五校舍	ESTATE PRIMARY SCHOOL NO 5 PHASE III, BUTTERFLY ESTATE AREA 28 TUEN MUN NEW TERRITORIES
P327	小學	LYC'EE FRANCAIS INTL (FRENCH INTL SCH)   		1 CHEUNG MAN ROAD CHAI MAN ROAD HONG KONG
P328	小學	LYC'EE FRANCAIS INTL (FRENCH INTL SCH)   		NO. 68 GILLIES AVENUE KOWLOON
P329	小學	LYC'EE FRANCAIS INTL (FRENCH INTL SCH)     http://www.fis.edu.hk/		34 PRICE ROAD HONG KONG
P330	小學	馬鞍山靈糧小學     MA ON SHAN LING LIANG PRIMARY SCHOOL     http://www.moslingliang.edu.hk	新界沙田馬鞍山利安邨	LEE ON ESTATE MA ON SHAN SHATIN NEW TERRITORIES
P331	小學	馬鞍山循道衛理小學     MA ON SHAN METHODIST PRIMARY SCHOOL     http://www.mosmps.edu.hk	新界沙田馬鞍山恒明街１１號	11 HANG MING STREET MA ON SHAN SHATIN NEW TERRITORIES
P332	小學	馬鞍山聖若瑟小學     MA ON SHAN ST JOSEPH'S PRIMARY SCHOOL     http://www.mossjps.edu.hk	新界沙田馬鞍山恆安邨	HENG ON ESTATE MA ON SHAN SHATIN NEW TERRITORIES
P333	小學	馬頭涌官立小學     MA TAU CHUNG GOVERNMENT PRIMARY SCH     http://www.mtcgps.edu.hk	九龍土瓜灣福祥街一號	1 FUK CHEUNG STREET TOKWAWAN KOWLOON
P334	小學	馬頭涌官立小學（紅磡灣）     MA TAU CHUNG GOVT PRI SCH (HUNG HOM BAY)     http://www.mtchhb.edu.hk	九龍紅磡灣愛景街３號	3 OI KING STREET HUNG HOM BAY KOWLOON
P335	小學	閩僑小學     MAN KIU ASSOCIATION PRIMARY SCHOOL     http://www.mkaps.edu.hk	九龍觀塘牛頭角上邨第三校舍	ESTATE SCHOOL NO. 3 UPPER NGAU TAU KOK ESTATE KWUN TONG KOWLOON
P336	小學	天佑小學     MARY OF PROVIDENCE PRIMARY SCHOOL     http://www.mpschool.edu.hk	新界荃灣河背街六十八號	68 HO PUI STREET TSUEN WAN NEW TERRITORIES
P337	小學	天保民學校     MARY ROSE SCHOOL     http://www.mrs.edu.hk	九龍九龍塘聯福道１１號	11 RENFREW ROAD KOWLOON TONG KOWLOON
P338	小學	瑪利灣學校     MARYCOVE SCHOOL     http://www.marycove.edu.hk	香港香港仔南朗山道３２號	32 NAM LONG SHAN ROAD ABERDEEN HONG KONG
P339	小學	瑪利諾修院學校（小學部）     MARYKNOLL CONVENT SCH (PRI SECT)     http://www.mcsps.edu.hk	九龍九龍城窩打老道１３０號	130 WATERLOO ROAD KOWLOON CITY KOWLOON
P340	小學	瑪利諾神父教會學校（小學部）     MARYKNOLL FATHERS' SCH (PRI SECTION)     http://www.mfsp.edu.hk	九龍深水埗海麗街１１號	11 HOI LAI STREET SHAM SHUI PO KOWLOON
P341	小學	瑪利曼小學     MARYMOUNT PRIMARY SCHOOL     http://www.mps.edu.hk	香港灣仔大坑道３３６號地庫１樓、地下、１樓、２樓、３樓及４樓	LG 1/F, G/F, 1/F, 2/F, 3/F & 4/F 336 TAI HANG ROAD WANCHAI HONG KONG
P342	小學	天主教明德學校     MENG TAK CATHOLIC SCHOOL     http://mengtakps.edu.hk	香港柴灣祥民道１１號	11 CHEUNG MAN ROAD CHAI WAN HONG KONG
P343	小學	香港心理衞生會－臻和學校     MENTAL HEALTH ASSN OF HK - CORNWALL SCH     http://www.mhahk-cws.edu.hk	九龍深水埗歌和老街５３號（包括１樓及２樓 Ｂ４ Ｂ６ Ｂ１７ Ｂ１９室用作宿舍）	53 CORNWALL STREET SHAMSHUIPO (INCLUDING ROOM B4 B6 B17 B19 ON 1/F & 2/F FOR BOARDING SECTION) KOWLOON
P344	小學	循道學校     METHODIST SCHOOL     http://www.kmsch.edu.hk	九龍衛理道１２號	12 WYLIE ROAD KOWLOON
P345	小學	基督教聖約教會堅樂第二小學     MISSION COV CH HOLM GLAD NO.2 PRI SCH   	九龍觀塘順安邨屋邨小學第一校舍	ESTATE PRIMARY SCHOOL NO.1 SHUN ON ESTATE KWUN TONG KOWLOON
P346	小學	基督教聖約教會堅樂小學     MISSION COV CHURCH HOLM GLAD PRI SCH     http://www.hgps.edu.hk	九龍觀塘秀茂坪邨秀明道７７號	SAU MAU PING ESTATE 77 SAU MING ROAD KWUN TONG KOWLOON
P347	小學	香港凱莉山學校     MOUNT KELLY SCHOOL HONG KONG   	九龍柯士甸路２２－２６號好兆年行（１期）２樓２０１至２０６，２０９室，２１０室，２１３室，２１４室及２１６－２２０室	UNITS 201-206, 209, 210, 213, 214 216-220, SECOND FLOOR, AUSTIN TOWER (PHASE I), 22-26 AUSTIN AVENUE, TSIM SHA TSUI KOWLOON
P348	小學	MUI WO OWLS SCHOOL   	新界大嶼山梅窩梅窩碼頭路１０號銀礦中心大廈１樓Ａ室及Ｂ室	UNITS A AND B 1/F SILVER CENTRE BUILDING 10 MUI WO FERRY PIER ROAD MUI WO LANTAU ISLAND NEW TERRITORIES
P349	小學	梅窩學校     MUI WO SCHOOL     http://www.mws.edu.hk	新界大嶼山銀礦灣	CHUNG HAU VILLAGE, SILVER MINE BAY LANTAU ISLAND NEW TERRITORIES
P350	小學	民生書院小學     MUNSANG COLLEGE PRIMARY SCHOOL     http://munsang.edu.hk/primary/	九龍九龍城東寶庭道８號	8 DUMBARTON ROAD KOWLOON CITY KOWLOON
P351	小學	吳氏宗親總會泰伯紀念學校     NG CLAN'S ASSN TAI PAK MEM SCH     http://www.taipak.edu.hk	新界沙田馬鞍山錦英苑	KAM YING COURT MA ON SHAN SHATIN NEW TERRITORIES
P352	小學	天主教伍華小學     NG WAH CATHOLIC PRI SCH     http://www.nwcps.edu.hk	九龍新蒲崗彩虹道５號	5 CHOI HUNG ROAD SAN PO KONG KOWLOON
P353	小學	NORD ANGLIA INTERNATIONAL SCHOOL, HK     http://www.nais.hk		11 ON TIN STREET, LAM TIN KOWLOON
P354	小學	北角官立小學     NORTH POINT GOVERNMENT PRIMARY SCHOOL     http://www.npgps.edu.hk	香港北角英皇道８８８號	888 KING'S ROAD NORTH POINT HONG KONG
P355	小學	北角官立小學（雲景道）     NORTH POINT GOVT PRI SCH (CLOUD VIEW RD)    http://www.npcvr.edu.hk	香港北角雲景道２２號	22 CLOUD VIEW ROAD NORTH POINT HONG KONG
P356	小學	北角衞理小學 [上午] NORTH POINT METHODIST PRIMARY SCHOOL[AM]  http://www.npmps.edu.hk	香港北角長康街１９號	19 CHEUNG HONG STREET NORTH POINT HONG KONG
P357	小學	北角衞理小學 [下午] NORTH POINT METHODIST PRIMARY SCHOOL[PM]  http://www.npmps.edu.hk	香港北角長康街１９號	19 CHEUNG HONG STREET NORTH POINT HONG KONG
P358	小學	南丫北段公立小學     NORTHERN LAMMA SCHOOL     http://www.nls.edu.hk	新界南丫島榕樹灣榕樹嶺一號	NO 1 YUNG SHUE LING YUNG SHUE WAN, LAMMA ISLAND NEW TERRITORIES
P359	小學	NORWEGIAN INTERNATIONAL SCHOOL     http://www.nis.edu.hk/	新界大埔廣福道大埔平房及錦山路１７０號	TAI PO BUNGALOW KWONG FUK ROAD & 170 KAM SHAN ROAD TAI PO NEW TERRITORIES
P360	小學	新界婦孺福利會有限公司梁省德學校     NTW&JWA LEUNG SING TAK PRIMARY SCHOOL     http://www.taipolst.edu.hk/	新界大埔大元邨	TAI YUEN ESTATE PHASE II TAI PO (AREA 16) TAI PO NEW TERRITORIES
P361	小學	獻主會小學     OBLATE PRIMARY SCHOOL     http://www.ops.edu.hk	九龍土瓜灣順風街一號	1 SHUN FUNG STREET TOKWAWAN KOWLOON
P362	小學	天主教佑華小學     OUR LADY OF CHINA CATHOLIC PRI SCH     http://www.oloccp.edu.hk	九龍觀塘翠屏邨第四期屋邨小學	ESTATE PRIMARY SCHOOL TSUI PING ESTATE PHASE IV KWUN TONG KOWLOON
P363	小學	聖母小學     OUR LADY'S PRIMARY SCHOOL     http://www.olps.edu.hk	九龍黃大仙沙田㘭道１１６號	116 SHATIN PASS ROAD WONG TAI SIN KOWLOON
P364	小學	白田天主教小學     PAK TIN CATHOLIC PRIMARY SCHOOL     http://www.paktin.edu.hk	九龍深水埗白田邨３座	BLK 3 PAK TIN ESTATE SHAMSHUIPO KOWLOON
P365	小學	八鄉中心小學     PAT HEUNG CENTRAL PRIMARY SCHOOL     http://www.phcps.edu.hk/	新界元朗八鄉錦田蓮花地１９９號	199 LIN FA TEI KAM TIN PAT HEUNG, YUEN LONG NEW TERRITORIES
P366	小學	PEAK SCHOOL     http://www.ps.edu.hk/	香港山頂賓吉道２０號	20 PLUNKETT'S ROAD THE PEAK HONG KONG
P367	小學	五旬節靳茂生小學     PENTECOSTAL GIN MAO SHENG PRIMARY SCHOOL     http://www.pgms.edu.hk	新界粉嶺璧峰路四號	4 PIK FUNG ROAD FANLING NEW TERRITORIES
P368	小學	五旬節于良發小學     PENTECOSTAL YU LEUNG FAT PRIMARY SCHOOL     http://www.pylfps.edu.hk	新界粉嶺暉明路１６號	16 FAI MING ROAD FANLING NEW TERRITORIES
P369	小學	坪石天主教小學     PING SHEK ESTATE CATHOLIC PRIMARY SCHOOL     http://www.psec.edu.hk	九龍觀塘坪石邨屋邨小學第一校舍	ESTATE SCHOOL NO 1 PING SHEK ESTATE KWUN TONG KOWLOON
P370	小學	保良局陳麗玲（百周年）學校     PLK ANITA LL CHAN (CENTENARY) SCHOOL     http://www.plkcs.edu.hk	九龍清水灣道彩雲邨屋邨小學舊翼地下至２樓部分３樓及新翼地下至３樓	G/F-2/F, PART OF 3/F OF OLD WING & G/F-3/F OF NEW WING ESTATE PRIMARY SCHOOL, CHOI WAN ESTATE CLEAR WATER ROAD KOWLOON
P371	小學	保良局陳守仁小學     PLK CAMOES TAN SIU LIN PRIMARY SCHOOL     http://www.plkctslps.edu.hk	九龍油麻地海庭道６號	6 HOI TING ROAD YAU MA TEI KOWLOON
P372	小學	保良局陳溢小學     PLK CHAN YAT PRIMARY SCHOOL     http://www.plkcy.edu.hk	新界青衣長康邨第二小學	ESTATE PRIMARY SCHOOL NO.2 CHEUNG HONG ESTATE TSING YI NEW TERRITORIES
P373	小學	保良局朱正賢小學     PLK CHEE JING YIN PRIMARY SCHOOL     http://www.plkcjy.edu.hk	新界沙田博康邨二期屋邨第２小學	ESTATE PRIMARY SCHOOL NO.2 POK HONG ESTATE PHASE II SHATIN NEW TERRITORIES
P374	小學	保良局莊啟程小學     PLK CHONG KEE TING PRIMARY SCHOOL     http://www.plkcktps.edu.hk/	新界沙田馬鞍山耀安邨	YIU ON ESTATE MA ON SHAN SHATIN NEW TERRITORIES
P375	小學	保良局王賜豪（田心谷）小學     PLK DR. JIMMY WONG CHI-HO (TSV) P S     http://www.plkwch.edu.hk	新界沙田隆亨邨	LUNG HANG ESTATE SHATIN NEW TERRITORIES
P376	小學	保良局方王錦全小學     PLK FONG WONG KAM CHUEN PRIMARY SCHOOL     http://www.plkfwkc.edu.hk/	新界屯門良景邨	LEUNG KING ESTATE TUEN MUN NEW TERRITORIES
P377	小學	保良局馮晴紀念小學     PLK FUNG CHING MEMORIAL PRIMARY SCHOOL     http://www.plkfcmps.edu.hk	新界將軍澳培成路２號	2 PUI SHING ROAD TSEUNG KWAN O NEW TERRITORIES
P378	小學	保良局金銀業貿易場張凝文學校     PLK G & S ES PERSHING TSANG SCHOOL     http://www.plkgspts.edu.hk	香港銅鑼灣連道２及１２號	2 & 12 LINK ROAD CAUSEWAY BAY HONG KONG
P379	小學	保良局錦泰小學     PLK GRANDMONT PRIMARY SCHOOL     http://www.grandmont.edu.hk/	九龍黃大仙蒲崗村道１８０號	180 PO KONG VILLAGE ROAD WONG TAI SIN KOWLOON
P380	小學	保良局香港道教聯合會圓玄小學     PLK HK TAOIST ASSN YUEN YUEN PRIMARY SCH     http://www.yyps.edu.hk	新界屯門青山公路青海圍２６號	26 TSING HOI CIRCUIT CASTLE PEAK ROAD TUEN MUN NEW TERRITORIES
P381	小學	保良局志豪小學     PLK HORIZON EAST PRIMARY SCHOOL     http://www.plkheps.edu.hk	新界屯門興富街３號	3 HING FU STREET TUEN MUN NEW TERRITORIES
P382	小學	保良局林文燦英文小學     PLK LAM MAN CHAN ENGLISH PRI SCH     http://www.plklmceps.edu.hk	九龍土瓜灣上鄉道２４號	24 SHEUNG HEUNG ROAD, TOKWAWAN KOWLOON
P383	小學	保良局林文燦英文小學     PLK LAM MAN CHAN ENGLISH PRI SCH     http://www.plklmceps.edu.hk	九龍農圃道２號	2 FARM ROAD KOWLOON
P384	小學	保良局羅氏信託學校     PLK LAW'S FOUNDATION SCHOOL     http://www.plklfs.edu.hk/	新界元朗公園南路２６號	26 TOWN PARK ROAD SOUTH YUEN LONG NEW TERRITORIES
P385	小學	保良局梁周順琴小學     PLK LEUNG CHOW SHUN KAM PRIMARY SCHOOL     http://www.plklcskam.edu.hk	新界屯門湖景邨	WU KING ESTATE TUEN MUN NEW TERRITORIES
P386	小學	保良局陸慶濤小學     PLK LUK HING TOO PRIMARY SCHOOL     http://www.plklht.edu.hk	新界將軍澳寶林邨	PO LAM ESTATE TSEUNG KWAN O NEW TERRITORIES
P387	小學	保良局陳維周夫人紀念學校     PLK MADAM CHAN WAI CHOW MEMORIAL SCH     http://www.cwc.edu.hk	九龍土瓜灣上鄉道２２號	22 SHEUNG HEUNG ROAD TO KWA WAN KOWLOON
P388	小學	保良局陳百強伉儷青衣學校     PLK MR & MRS CHAN PAK KEUNG TSING YI SCH    http://www.plkcpktys.edu.hk	新界青衣青芊街２號	2 TSING CHIN STREET TSING YI NEW TERRITORIES
P389	小學	保良局陳南昌夫人小學     PLK MRS CHAN NAM CHONG MEMORIAL PRI SCH     http://www.plkcnc.edu.hk	九龍黃大仙彩雲邨地下	G/F CHOI WAN ESTATE CLEAR WATER BAY ROAD KOWLOON
P390	小學	保良局雨川小學     PLK RIVERAIN PRIMARY SCHOOL     http://www.plkrps.edu.hk/	新界沙田馬鞍山鞍駿街２８號	28 ON CHUN STREET MA ON SHAN SHATIN NEW TERRITORIES
P391	小學	保良局蕭漢森小學     PLK SIU HON-SUM PRIMARY SCHOOL     http://www.plkshs.edu.hk	新界沙田穗禾苑	SUI WO COURT AREA 42A SHATIN NEW TERRITORIES
P392	小學	保良局何壽南小學     PLK STANLEY HO SAU NAN PRIMARY SCHOOL   	九龍九龍城沐虹街１１號	11 MUK HUNG STREET KOWLOON CITY KOWLOON
P393	小學	保良局田家炳千禧小學     PLK TIN KA PING MILLENNIUM PRI SCHOOL     http://www.plktkpmps.edu.hk/	新界大埔大埔公路大埔滘段４６４１號	4641 TAI PO ROAD TAI PO NEW TERRITORIES
P394	小學	保良局田家炳小學     PLK TIN KA PING PRIMARY SCHOOL     http://www.plktkp.edu.hk	新界大埔第六區運頭塘邨	AREA 6, WAN TAU TONG ESTATE TAI PO NEW TERRITORIES
P395	小學	保良局莊啓程第二小學     PLK VICWOOD KT CHONG NO.2 PRIMARY SCHOOL     http://www.plkvktc2.edu.hk	新界屯門大興邨	TAI HING ESTATE TUEN MUN NEW TERRITORIES
P396	小學	保良局黃永樹小學     PLK WONG WING SHU PRIMARY SCHOOL     http://www.plkwws.edu.hk	新界將軍澳唐賢街２號	2 TONG YIN STREET TSEUNG KWAN O NEW TERRITORIES
P397	小學	保良局西區婦女福利會馮李佩瑤小學     PLK WWCWD FUNG LEE PUI YIU PRI SCH     http://plkflpy.edu.hk	新界屯門掃管笏管青路１１號	11 KWUN TSING ROAD SO KWUN WAT TUEN MUN NEW TERRITORIES
P398	小學	保良局余李慕芬紀念學校     PLK YU LEE MO FAN MEMORIAL SCHOOL     http://www.plkylmf.edu.hk	香港北角和富道１９號	NO.19 WHARF ROAD NORTH POINT HONG KONG
P399	小學	寶覺小學     PO KOK PRIMARY SCHOOL     http://www.pokokps.edu.hk/	香港山光道１１－１５號	11-15 SHAN KWONG ROAD HONG KONG
P400	小學	保良局世德小學     PO LEUNG KUK CASTAR PRIMARY SCHOOL     http://www.plkcastar.edu.hk	新界青衣青綠街２３號	23 TSING LUK STREET TSING YI NEW TERRITORIES
P401	小學	保良局蔡繼有學校     PO LEUNG KUK CHOI KAI YAU SCHOOL     http://www.cky.edu.hk	九龍深水埗郝德傑道６號	NO. 6 CALDECOTT ROAD SHAMSHUIPO KOWLOON
P402	小學	寶安商會溫浩根小學     PO ON COMMERCIAL ASSN WAN HO KAN PRI SCH     http://www.pocawhk.edu.hk	新界大嶼山東涌富東邨第二號小學校舍	PRIMARY SCHOOL NO 2 FU TUNG ESTATE TUNG CHUNG LANTAU ISLAND NEW TERRITORIES
P403	小學	獻主會溥仁小學     PO YAN OBLATE PRIMARY SCHOOL     http://www.poyan.edu.hk	九龍樂善道１５號	15 LOK SIN ROAD KOWLOON
P404	小學	博愛醫院陳國威小學     POK OI HOSPITAL CHAN KWOK WAI PRI SCH     http://www.pohckwps.edu.hk	新界將軍澳尚德邨	SHEUNG TAK ESTATE TSEUNG KWAN O NEW TERRITORIES
P405	小學	香港培道小學     POOI TO PRIMARY SCHOOL     http://www.ptps.edu.hk	九龍馬頭涌福祥街３號	3 FUK CHEUNG STREET MA TAU CHUNG KOWLOON
P406	小學	海怡寶血小學     PRECIOUS BLOOD PRI SCH (SOUTH HORIZONS)    http://www.pbpssh.edu.hk	香港鴨脷洲鴨脷洲橋道３５５號	355 AP LEI CHAU BRIDGE ROAD AP LEI CHAU HONG KONG
P407	小學	華富邨寶血小學     PRECIOUS BLOOD PRI SCH (WAH FU ESTATE)     http://www.pbps.edu.hk	香港華富邨瀑布灣道２７號	27 WATERFALL BAY ROAD, WAH FU ESTATE HONG KONG
P408	小學	寶血小學     PRECIOUS BLOOD PRIMARY SCHOOL     http://www.preciousbloodhv.edu.hk	香港跑馬地成和道７２號	72 SING WOO ROAD HAPPY VALLEY HONG KONG
P409	小學	天主教博智小學     PRICE MEMORIAL CATHOLIC PRIMARY SCHOOL    http://www.pmcps.edu.hk	九龍黃大仙竹園道５３號天馬苑	TIN MA COURT 53 CHUK YUEN ROAD WONG TAI SIN KOWLOON
P410	小學	香港培正小學     PUI CHING PRIMARY SCHOOL     http://www.pcps.edu.hk	九龍九龍城窩打老道８０號	80 WATERLOO ROAD KOWLOON CITY KOWLOON
P411	小學	培僑書院     PUI KIU COLLEGE     http://www.puikiu.edu.hk	新界沙田大圍大圍新村路一號	1 TAI WAI NEW VILLAGE ROAD TAI WAI, SHATIN NEW TERRITORIES
P412	小學	培僑小學     PUI KIU PRIMARY SCHOOL     http://www.pkps.edu.hk	香港柴灣小西灣富怡道１２號	12 FU YEE ROAD SIU SAI WAN CHAI WAN HONG KONG
P413	小學	寶血會培靈學校     PUI LING SCHOOL OF THE PRECIOUS BLOOD     http://www.plpb.edu.hk	新界粉嶺安樂村安樂門街１３號	13 ON LOK MUN STREET ON LOK TSUEN FANLING NEW TERRITORIES
P414	小學	嘉諾撒培德學校     PUI TAK CANOSSIAN PRIMARY SCHOOL     http://www.ptcps.edu.hk	香港香港仔香港仔大道１８０號	180 ABERDEEN MAIN ROAD ABERDEEN HONG KONG
P415	小學	番禺會所華仁小學 [上午] PUN U ASSOCIATION WAH YAN PRIMARY SCHOOL[AM]  http://www.puawyps.edu.hk/	香港灣仔司徒拔道肇輝台１號Ｆ	1F SHIU FAI TERRACE STUBBS ROAD WAN CHAI HONG KONG
P416	小學	番禺會所華仁小學 [下午] PUN U ASSOCIATION WAH YAN PRIMARY SCHOOL[PM]  http://www.puawyps.edu.hk/	香港灣仔司徒拔道肇輝台１號Ｆ	1F SHIU FAI TERRACE STUBBS ROAD WAN CHAI HONG KONG
P417	小學	伊利沙伯中學舊生會小學分校     QES OLD STUDENTS' ASSN BRANCH PRI SCH     http://www.bps.qesosa.edu.hk/	新界元朗天水圍三區第四期	AREA 3, PHASE 4 TIN SHUI WAI YUEN LONG NEW TERRITORIES
P418	小學	伊利沙伯中學舊生會小學     QES OLD STUDENTS' ASSOCIATION PRI SCH     http://www.qesosaps.edu.hk	新界天水圍天耀邨第一期屋邨小學	ESTATE PRIMARY SCHOOL TIN YIU ESTATE, PHASE I TIN SHUI WAI NEW TERRITORIES
P419	小學	鰂魚涌小學     QUARRY BAY SCHOOL     http://www.qbs.edu.hk/	香港北角寶馬山道校園徑６號	NO. 6 HAU YUEN PATH, BRAEMAR HILL ROAD NORTH POINT HONG KONG
P420	小學	鄉師自然學校     R.T.C. GAIA SCHOOL     http://www.gaiaschool.edu.hk	新界屯門新墟井頭上村１３１地段	DD 131 TSENG TAU SHEUNG TSUEN SAN HUI TUEN MUN NEW TERRITORIES
P421	小學	高主教書院小學部     RAIMONDI COLLEGE PRIMARY SECTION     http://rcps.raimondi.edu.hk	香港灣仔司徒拔道肇輝臺１號Ｅ	1E, SHIU FAI TERRACE STUBBS ROAD WAN CHAI HONG KONG
P422	小學	香港西區扶輪社匡智晨輝學校     RCHK ISLAND WEST HONG CHI MORNINGHOPE SC     http://www.rchchope.edu.hk/	香港柴灣興華邨第二期一號校舍	ESTATE SCHOOL NO 1 HING WAH ESTATE, STAGE II CHAI WAN HONG KONG
P423	小學	啓新書院     RENAISSANCE COLLEGE     http://www.renaissance.edu.hk/	新界沙田馬鞍山恆明街５號	NO 5 HANG MING STREET, MA ON SHAN SHATIN NEW TERRITORIES
P424	小學	禮賢會恩慈學校     RHENISH CHURCH GRACE SCHOOL     http://www.rcgs.edu.hk	九龍黃大仙鳳德邨鑽石山	FUNG TAK ESTATE DIAMOND HILL WONG TAI SIN KOWLOON
P425	小學	玫瑰崗學校     ROSARYHILL SCHOOL     http://www.rhs.edu.hk	香港司徒拔道４１號Ｂ部分	PORTION OF 41B STUBBS ROAD HONG KONG
P426	小學	玫瑰蕾小學 [上午] ROSEBUD PRIMARY SCHOOL[AM]  http://www.rosebud.edu.hk	新界荃灣永順街３８號海灣花園地下上層ＵＧ２７及ＵＧ２７Ａ、ＵＧ２８－ＵＧ３７及ＵＧ４５號舖	SHOP NOS UG27 & UG27A, UG28 - UG37 AND UG45, UG/F, WATERSIDE PLAZA 38 WING SHUN STREET TSUEN WAN NEW TERRITORIES
P427	小學	玫瑰蕾小學 [下午] ROSEBUD PRIMARY SCHOOL[PM]  http://www.rosebud.edu.hk	新界荃灣永順街３８號海灣花園地下上層ＵＧ２７及ＵＧ２７Ａ、ＵＧ２８－ＵＧ３７及ＵＧ４５號舖	SHOP NOS UG27 & UG27A, UG28 - UG37 AND UG45, UG/F, WATERSIDE PLAZA 38 WING SHUN STREET TSUEN WAN NEW TERRITORIES
P428	小學	玫瑰蕾小學     ROSEBUD PRIMARY SCHOOL     http://www.rosebud.edu.hk	新界荃灣永順街３８號海灣花園地下上層ＵＧ２７及ＵＧ２７Ａ、ＵＧ２８－ＵＧ３７及ＵＧ４５號舖	SHOP NOS UG27 & UG27A, UG28 - UG37 AND UG45, UG/F, WATERSIDE PLAZA 38 WING SHUN STREET TSUEN WAN NEW TERRITORIES
P429	小學	聖公會柴灣聖米迦勒小學     S.K.H. CHAI WAN ST. MICHAEL'S PRI SCH     http://www.skhcwsms.edu.hk	香港柴灣柴灣道３８０號	380 CHAI WAN ROAD CHAI WAN HONG KONG
P430	小學	聖公會聖匠小學     S.K.H. HOLY CARPENTER PRIMARY SCHOOL     http://www.hcps.edu.hk	九龍貴州街１４號	14 KWEI CHOW STREET KOWLOON
P431	小學	聖公會基福小學     S.K.H. KEI FOOK PRIMARY SCHOOL     http://www.keifook.edu.hk	九龍深水埗長沙灣道５５５號	555 CHEUNG SHA WAN ROAD SHAM SHUI PO KOWLOON
P432	小學	聖公會聖安德烈小學     S.K.H. ST. ANDREW'S PRIMARY SCHOOL     http://www.skhstandrews.edu.hk	九龍深水埗海麗街３號	3 HOI LAI STREET SHAM SHUI PO KOWLOON
P433	小學	聖公會將軍澳基德小學     S.K.H. TSEUNG KWAN O KEI TAK PRIMARY SCH     http://www.tkokt.edu.hk	新界將軍澳寶康路８２號	82, PO HONG ROAD TSEUNG KWAN O NEW TERRITORIES
P434	小學	聖公會青衣主恩小學     S.K.H. TSING YI CHU YAN PRIMARY SCHOOL     http://www.tycy.edu.hk	新界青衣長宏邨	CHEUNG WANG ESTATE TSING YI NEW TERRITORIES
P435	小學	聖公會仁立紀念小學     S.K.H. YAN LAAP MEMORIAL PRIMARY SCHOOL     http://www.ylm.edu.hk	新界葵涌上角街十三號	13 SHEUNG KOK STREET KWAI CHUNG NEW TERRITORIES
P436	小學	聖公會油塘基顯小學     S.K.H. YAUTONG KEI HIN PRIMARY SCHOOL     http://www.skhykh.edu.hk	九龍油塘油塘道２３號	23 YAU TONG ROAD YAU TONG KOWLOON
P437	小學	聖公會阮鄭夢芹銀禧小學     S.K.H. YUEN CHEN MAUN CHEN JUBILEE P.S.     http://www.skhycmcj.edu.hk/	新界大埔富亨邨第四期第八區屋邨小學	ESTATE PRIMARY SCHOOL AREA 8 FU HENG ESTATE PHASE IV TAI PO NEW TERRITORIES
P438	小學	救世軍韋理夫人紀念學校     SA ANN WYLLIE MEMORIAL SCHOOL     http://www.annwyllie.edu.hk	香港杏花邨盛泰道１００號	100 SHING TAI ROAD HENG FA CHUEN HONG KONG
P439	小學	救世軍田家炳學校     SA TIN KA PING SCHOOL     http://www.satkp.edu.hk	新界沙田博康邨	POK HONG ESTATE SHATIN NEW TERRITORIES
P440	小學	嘉諾撒聖心學校私立部 [上午] SACRED HEART CANOSSIAN SCH, PRIVATE SECT[AM]  http://www.shcsps.edu.hk	香港堅道３４號高層地下及１樓至６樓	UPPER GROUND FLOOR AND 1/F TO 6/F 34 CAINE ROAD HONG KONG
P441	小學	嘉諾撒聖心學校 [下午] SACRED HEART CANOSSIAN SCHOOL[PM]  http://www.shcs.edu.hk	香港中環堅道２６號	26 CAINE ROAD CENTRAL HONG KONG
P442	小學	嘉諾撒聖心學校     SACRED HEART CANOSSIAN SCHOOL     http://www.shcs.edu.hk	香港中環堅道２６號	26 CAINE ROAD CENTRAL HONG KONG
P443	小學	天主教聖母聖心小學     SACRED HEART OF MARY CATHOLIC PRI SCH     http://www.shmcps.edu.hk/	新界大埔富亨邨第一期	FU HENG ESTATE PHASE I TAI PO NEW TERRITORIES
P444	小學	香港耀能協會羅怡基紀念學校     SAHK B M KOTEWALL MEMORIAL SCHOOL     http://www.bmkms.edu.hk	新界葵涌葵合街二十二號	22 KWAI HOP STREET KWAI CHUNG NEW TERRITORIES
P445	小學	香港耀能協會賽馬會田綺玲學校     SAHK JOCKEY CLUB ELAINE FIELD SCHOOL     http://www.jcefs.edu.hk/	新界大埔富忠里１號	1 FU CHUNG LANE TAI PO NEW TERRITORIES
P446	小學	香港耀能協會高福耀紀念學校     SAHK KO FOOK IU MEMORIAL SCHOOL     http://www.kfims.edu.hk	新界沙田豐禾里２號地下至２樓及Ｃ座二樓及第二小學Ａ座２號禾輋邨地下及１樓	G/F- 2/F OF BLOCK A & 2/F OF BLOCK C ESTATE PRIMARY SCHOOL NO 2 AND G/F & 1/F WO CHE ESTATE 2 FUNG WO LANE SHATIN NEW TERRITORIES
P447	小學	西貢中心李少欽紀念學校     SAI KUNG CENTRAL LEE SIU YAM MEM SCH     http://lsy.edu.hk	新界西貢惠民路１８號	18 WAI MAN ROAD SAI KUNG NEW TERRITORIES
P448	小學	西貢崇真天主教學校（小學部）     SAI KUNG SUNG TSUN CATH SCH (PRI SECT)     http://www.stcps.edu.hk	新界西貢普通道Ｆ座Ｇ座及附屬房舍	BLOCKS F & G, ANCILLARY BLOCK PO TUNG ROAD SAI KUNG NEW TERRITORIES
P449	小學	慈幼學校     SALESIAN SCHOOL     http://salesian.edu.hk	香港筲箕灣柴灣道１６號	16 CHAI WAN ROAD SHAUKEIWAN HONG KONG
P450	小學	慈幼葉漢千禧小學     SALESIAN YIP HON MILLENNIUM PRI SCH     http://www.syh.edu.hk	新界葵涌石排街９號	9 SHEK PAI STREET KWAI CHUNG NEW TERRITORIES
P451	小學	慈幼葉漢小學     SALESIAN YIP HON PRIMARY SCHOOL     http://www.syhps.edu.hk	新界葵涌安蔭邨	ON YAM ESTATE KWAI CHUNG NEW TERRITORIES
P452	小學	救世軍中原慈善基金學校     SALVATION ARMY CENTALINE CHARITY FUND SC     http://www.saccf.edu.hk	香港柴灣華廈街九號	9 WAH HA STREET CHAI WAN HONG KONG
P453	小學	救世軍林拔中紀念學校     SALVATION ARMY LAM BUTT CHUNG MEM SCH     http://www.salbcms.edu.hk	新界大嶼山東涌逸東街８號逸東邨	YAT TUNG ESTATE 8 YAT TUNG STREET TUNG CHUNG LANTAU ISLAND NEW TERRITORIES
P454	小學	救世軍石湖學校     SALVATION ARMY SHEK WU SCHOOL     http://www.shekwusch.edu.hk	新界上水石湖墟馬會道第八區	AREA 8 JOCKEY CLUB ROAD SHEK WU HUI, SHEUNG SHUI NEW TERRITORIES
P455	小學	三水同鄉會劉本章學校     SAM SHUI NATIVES ASSN LAU PUN CHEUNG SCH     http://www.lpc.edu.hk	新界葵盛邨第１０座學校第三座校舍	ESTATE SCHOOL NO. 3 BLOCK 10 KWAI SHING ESTATE NEW TERRITORIES
P456	小學	三水同鄉會禤景榮學校     SAM SHUI NATIVES ASSO HUEN KING WING SCH     http://ssnahkws.edu.hk	新界大埔富善邨屋邨小學第一校舍	ESTATE PRIMARY SCHOOL NO 1 FU SHIN ESTATE TAI PO NEW TERRITORIES
P457	小學	新會商會港青基信學校     SAN WUI COM SOC YMCA OF HK CHRISTIAN SCH     http://www.cs.edu.hk/	九龍深水埗廣利道五號	5 KWONG LEE ROAD SHAM SHUI PO KOWLOON
P458	小學	新會商會學校     SAN WUI COMMERCIAL SOCIETY SCHOOL     http://www.swcss.edu.hk	香港上環居賢坊１號	1 KUI IN FONG SHEUNG WAN HONG KONG
P459	小學	秀茂坪天主教小學     SAU MAU PING CATHOLIC PRIMARY SCHOOL     http://www.smpcps.edu.hk	九龍觀塘寶達邨	PO TAT ESTATE KWUN TONG KOWLOON
P460	小學	秀明小學     SAU MING PRIMARY SCHOOL     http://www.saumingps.edu.hk	九龍觀塘秀茂坪秀豐街５號	5 SAU FUNG STREET SAU MAU PING KWUN TONG KOWLOON
P461	小學	路德會救主學校     SAVIOUR LUTHERAN SCHOOL     http://www.sls.edu.hk	九龍大埔道２８８號	288 TAI PO ROAD SHAMSHUIPO KOWLOON
P462	小學	沙頭角中心小學     SHA TAU KOK CENTRAL PRIMARY SCHOOL     http://www.stkcps.edu.hk	新界沙頭角沙頭角墟	SHA TAU KOK HUI SHA TAU KOK NEW TERRITORIES
P463	小學	沙田官立小學     SHA TIN GOVERNMENT PRIMARY SCHOOL     http://www.stgps.edu.hk	新界沙田新田圍邨	SUN TIN WAI ESTATE SHATIN NEW TERRITORIES
P464	小學	沙田循道衛理小學     SHA TIN METHODIST PRIMARY SCHOOL     http://www.smps.edu.hk	新界沙田廣源邨	KWONG YUEN ESTATE SHATIN NEW TERRITORIES
P465	小學	沙田圍胡素貞博士紀念學校     SHA TIN WAI DR. CATHERINE F. WOO MEM SCH     http://www.stwdcfwms.edu.hk	新界沙田乙明邨街２號	2 JAT MIN CHUEN STREET SHATIN NEW TERRITORIES
P466	小學	天主教石鐘山紀念小學     SHAK CHUNG SHAN MEM CATHOLIC PRI SCH     http://www.scs.edu.hk	新界荃灣永順街３９號海濱花園	RIVIERA GARDENS 39 WING SHUN STREET TSUEN WAN NEW TERRITORIES
P467	小學	深水埗官立小學     SHAM SHUI PO GOVT PRI SCH     http://www.sspgps.edu.hk	九龍深水埗深旺道１０１號	101 SHAM MONG ROAD SHAM SHUI PO KOWLOON
P468	小學	深井天主教小學     SHAM TSENG CATHOLIC PRIMARY SCHOOL     http://www.stcpri.edu.hk	新界荃灣青山公路深井段３７號	37 CASTLE PEAK ROAD SHAM TSENG, TSUEN WAN NEW TERRITORIES
P469	小學	滬江小學     SHANGHAI ALUMNI PRIMARY SCHOOL     http://www.sap.edu.hk	香港鰂魚涌康怡花園康盛街１４號	14 HONG SHING STREET KORNHILL QUARRY BAY HONG KONG
P470	小學	路德會沙崙學校     SHARON LUTHERAN SCHOOL     http://www.sharonlu.edu.hk	九龍大角咀櫻桃街１８號	18 CHERRY STREET TAI KOK TSUI KOWLOON
P471	小學	SHATIN JUNIOR SCHOOL     http://www.sjs.edu.hk/	新界沙田火炭麗禾里３Ａ號及１號新大樓地下１樓３樓部份及２樓全層	PORTION OF G/F, 1/F & 3/F, WHOLE OF 2/F OF NEW BUILDING AT 1 LAI WO LANE & 3A LAI WO LANE FO TAN SHATIN NEW TERRITORIES
P472	小學	沙田公立學校     SHATIN PUBLIC SCHOOL     http://www.shatinpublicschool.edu.hk	新界沙田大圍積輝街１５號	15 CHIK FAI STREET TAI WAI SHATIN NEW TERRITORIES
P473	小學	沙田崇真學校     SHATIN TSUNG TSIN SCHOOL     http://www.stts.edu.hk	新界沙田瀝源邨	LEK YUEN ESTATE SHATIN NEW TERRITORIES
P474	小學	筲箕灣官立小學     SHAU KEI WAN GOVERNMENT PRIMARY SCHOOL     http://www.skwgps.edu.hk	香港筲箕灣筲箕灣東大街１９號	19 MAIN STREET EAST SHAUKEIWAN HONG KONG
P475	小學	筲箕灣崇真學校     SHAUKIWAN TSUNG TSIN SCHOOL     http://www.skwtts.edu.hk	香港筲箕灣巴色道３號	3 BASEL ROAD SHAUKIWAN HONG KONG
P476	小學	石籬天主教小學     SHEK LEI CATHOLIC PRIMARY SCHOOL     http://www.sheklei.edu.hk	新界葵涌石排街１１號	11 SHEK PAI STREET KWAI CHUNG NEW TERRITORIES
P477	小學	石籬聖若望天主教小學     SHEK LEI ST. JOHN'S CATHOLIC PRIMARY SCH     http://www.slsj.edu.hk	新界葵涌大白田街９９號	99 TAI PAK TIN STREET KWAI CHUNG NEW TERRITORIES
P478	小學	石湖墟公立學校     SHEK WU HUI PUBLIC SCHOOL     http://www.swhps.edu.hk	新界上水天平邨	TIN PING ESTATE SHEUNG SHUI NEW TERRITORIES
P479	小學	寶血會思源學校     SI YUAN SCHOOL OF THE PRECIOUS BLOOD     http://www.sys.edu.hk	新界荃灣城門道２號	2 SHING MUN ROAD TSUEN WAN NEW TERRITORIES
P480	小學	新加坡國際學校     SINGAPORE INTERNATIONAL SCH (HONG KONG)     http://www.singapore.edu.hk/	香港香港仔（包括新增一層校舍）南朗山道２３號	23 NAM LONG SHAN ROAD (INCLUDING 1-STOREY SCHOOL EXTENSION) ABERDEEN HONG KONG
P481	小學	官立嘉道理爵士小學     SIR ELLIS KADOORIE (SOOKUNPO) PRI SCH     http://www.sekps.edu.hk	香港掃桿埔東院道９號	9 EASTERN HOSPITAL ROAD SOOKUNPO HONG KONG
P482	小學	聖公會置富始南小學     SKH CHI FU CHI NAM PRIMARY SCHOOL     http://www.skhcfcn.edu.hk/	香港置富花園置富徑３號	3 CHI FU CLOSE, CHI FU FA YUEN HONG KONG
P483	小學	聖公會主愛小學     SKH CHU OI PRIMARY SCHOOL     http://www.chuoi.edu.hk	新界葵涌石蔭童子街４５號	45 TUNG CHI STREET SHEK YAM KWAI CHUNG NEW TERRITORIES
P484	小學	聖公會主愛小學（梨木樹）     SKH CHU OI PRIMARY SCHOOL (LEI MUK SHUE)    http://www.chuoi-lms.edu.hk/	新界荃灣梨木樹邨	LEI MUK SHUE ESTATE TSUEN WAN NEW TERRITORIES
P485	小學	聖公會主恩小學     SKH CHU YAN PRIMARY SCHOOL     http://www.chuyan.edu.hk	新界葵盛葵盛邨第二號校舍	ESTATE SCHOOL NO 2 KWAI SHING ESTATE KWAI SHING NEW TERRITORIES
P486	小學	聖公會奉基千禧小學     SKH FUNG KEI MILLENNIUM PRI SCH     http://www.fkmps.edu.hk/	九龍黃埔花園德定街２號	2 TAK TING STREET WHAMPOA GARDEN KOWLOON
P487	小學	聖公會奉基小學     SKH FUNG KEI PRIMARY SCHOOL     http://www.fungkei.edu.hk/	九龍紅磡德定街４號黃埔花園	WHAMPOA GARDEN 4 TAK TING STREET HUNG HOM KOWLOON
P488	小學	聖公會牧愛小學     SKH GOOD SHEPHERD PRIMARY SCHOOL     http://www.gsps.edu.hk	九龍九龍城馬頭圍道１７１號	171 MA TAU WAI ROAD KOWLOON CITY KOWLOON
P489	小學	聖公會何澤芸小學     SKH HO CHAK WAN PRIMARY SCHOOL     http://www.skhhcw.edu.hk/	新界青衣長亨邨	CHEUNG HANG ESTATE TSING YI NEW TERRITORIES
P490	小學	聖公會聖十架小學     SKH HOLY CROSS PRIMARY SCHOOL   	九龍九龍城沐虹街９號	9 MUK HUNG STREET KOWLOON CITY KOWLOON
P491	小學	聖公會主風小學     SKH HOLY SPIRIT PRIMARY SCHOOL     http://www.skhhsst.edu.hk	新界沙田瀝源邨	LEK YUEN ESTATE SHATIN NEW TERRITORIES
P492	小學	聖公會嘉福榮真小學     SKH KA FUK WING CHUN PRIMARY SCHOOL     http://www.skhkfwc.edu.hk	新界粉嶺嘉福邨小學校舍	PRIMARY SCHOOL, KA FUK ESTATE FANLING NEW TERRITORIES
P493	小學	聖公會基顯小學     SKH KEI HIN PRIMARY SCHOOL     http://www.skhkeihin.edu.hk	九龍牛頭角上邨安善道	ON SHIN ROAD UPPER NGAU TAU KOK ESTATE KOWLOON
P494	小學	聖公會基樂小學     SKH KEI LOK PRIMARY SCHOOL     http://web.keilok.edu.hk	九龍牛頭角樂華邨第一期	ESTATE PRIMARY SCHOOL LOK WAH ESTATE PHASE 1 NGAU TAU KOK KOWLOON
P495	小學	聖公會基愛小學     SKH KEI OI PRIMARY SCHOOL     http://www.keioi.edu.hk	九龍李鄭屋廣利道１５號	15 KWONG LEE ROAD LI CHENG UK KOWLOON
P496	小學	聖公會基德小學     SKH KEI TAK PRIMARY SCHOOL     http://www.skhkt.edu.hk	九龍黃大仙大成街	TAI SHING STREET WONG TAI SIN KOWLOON
P497	小學	聖公會基榮小學     SKH KEI WING PRIMARY SCHOOL     http://www.skhkwps.edu.hk	九龍荔枝角道２３號	23 LAI CHI KOK ROAD KOWLOON
P498	小學	聖公會基恩小學     SKH KEI YAN PRIMARY SCHOOL     http://www.skhkyps.edu.hk	香港荷李活道１０９號	109 HOLLYWOOD ROAD HONG KONG
P499	小學	聖公會九龍灣基樂小學     SKH KOWLOON BAY KEI LOK PRIMARY SCHOOL    http://www.kbkeilok.edu.hk	九龍九龍灣啓仁街六號	6 KAI YAN STREET KOWLOON BAY KOWLOON
P500	小學	聖公會李兆強小學     SKH LEE SHIU KEUNG PRIMARY SCHOOL     http://www.skhlsk.edu.hk	九龍觀塘藍田平田邨安田街第一校舍	SCHOOL NO. 1 ON TIN STREET PING TIN ESTATE LAM TIN KWUN TONG KOWLOON
P501	小學	聖公會靈愛小學     SKH LING OI PRIMARY SCHOOL     http://www.lingoi.edu.hk/	新界元朗媽廟路１５號	15 MA MIU ROAD YUEN LONG NEW TERRITORIES
P502	小學	聖公會呂明才紀念小學     SKH LUI MING CHOI MEMORIAL PRI SCH     http://www.skhlmcmps.edu.hk	香港堅尼地城加惠民道３１號	31 KA WAI MAN ROAD KENNEDY TOWN HONG KONG
P503	小學	聖公會馬鞍山主風小學     SKH MA ON SHAN HOLY SPIRIT PRIMARY SCH     http://www.skhmoshs.edu.hk	新界沙田馬鞍山寧泰路３５號	35 NING TAI ROAD MA ON SHAN SHATIN NEW TERRITORIES
P504	小學	聖公會蒙恩小學     SKH MUNG YAN PRIMARY SCHOOL     http://www.skhmungyanps.edu.hk	新界屯門景峰徑１號	1 KING FUNG PATH TUEN MUN NEW TERRITORIES
P505	小學	聖公會聖紀文小學     SKH ST CLEMENT'S PRIMARY SCHOOL     http://www.skhscps.edu.hk	九龍長沙灣幸福街五號	5 FORTUNE STREET CHEUNG SHA WAN KOWLOON
P506	小學	聖公會聖雅各小學     SKH ST JAMES' PRIMARY SCHOOL     http://skhsjps.edu.hk	香港灣仔堅尼地道１１０號	110 KENNEDY ROAD WAN CHAI HONG KONG
P507	小學	聖公會聖約翰小學     SKH ST JOHN'S PRIMARY SCHOOL     http://www.jos.edu.hk	九龍清水灣道十六號	16 CLEAR WATER BAY ROAD KOWLOON
P508	小學	聖公會聖約瑟小學     SKH ST JOSEPH'S PRIMARY SCHOOL     http://www.skhsjs.edu.hk	新界元朗錦田波地路１２號	12 PO TEI ROAD KAM TIN, YUEN LONG NEW TERRITORIES
P509	小學	聖公會聖馬太小學     SKH ST MATTHEW'S PRIMARY SCHOOL     http://www.stmatthew.edu.hk	香港上環新街１２－２０號	12-20 NEW STREET SHEUNG WAN HONG KONG
P510	小學	聖公會聖米迦勒小學     SKH ST MICHAEL'S PRIMARY SCHOOL     http://www.skhcwsms.edu.hk/new_website/	香港北角炮台山道２３號	23 FORTRESS HILL ROAD NORTH POINT HONG KONG
P511	小學	聖公會聖彼得小學     SKH ST PETER'S PRIMARY SCHOOL     http://www.spps.edu.hk/	香港山道７０及８８號	70 & 88 HILL ROAD HONG KONG
P512	小學	聖公會聖多馬小學     SKH ST THOMAS' PRIMARY SCHOOL     http://www.skhstthomas.edu.hk/	九龍深水埗東沙島街１４５號	145 PRATAS STREET SHAM SHUI PO KOWLOON
P513	小學	聖公會聖提摩太小學     SKH ST TIMOTHY'S PRIMARY SCHOOL     http://www.stps.edu.hk/	九龍紅磡鶴園街１４號及１９號	14 & 19 HOK YUEN STREET HUNG HOM KOWLOON
P514	小學	聖公會德田李兆強小學     SKH TAK TIN LEE SHIU KEUNG PRIMARY SCH     http://www.skhttlsk.edu.hk	九龍觀塘藍田慶田街３號	NO 3 HING TIN STREET LAM TIN KWUN TONG KOWLOON
P515	小學	聖公會天水圍靈愛小學     SKH TIN SHUI WAI LING OI PRIMARY SCHOOL     http://www.skhtswlo.edu.hk	新界元朗天水圍天瑞路８２號	82 TIN SHUI ROAD TIN SHUI WAI, YUEN LONG NEW TERRITORIES
P516	小學	聖公會田灣始南小學     SKH TIN WAN CHI NAM PRIMARY SCHOOL     http://www.tcn.edu.hk	香港香港仔田灣新街５號	5 TIN WAN NEW STREET ABERDEEN HONG KONG
P517	小學	聖公會青衣邨何澤芸小學     SKH TSING YI EST HO CHAK WAN PRI SCH     http://www.tyehcw.edu.hk	新界青衣青綠街３號	3 TSING LUK STREET TSING YI NEW TERRITORIES
P518	小學	聖公會偉倫小學     SKH WEI LUN PRIMARY SCHOOL     http://www.skhweilun.edu.hk	新界大嶼山愉景灣第十三區	AREA 13, DISCOVERY BAY LANTAU ISLAND NEW TERRITORIES
P519	小學	聖公會榮真小學     SKH WING CHUN PRIMARY SCHOOL     http://www.skhwc.edu.hk	新界粉嶺吉祥街３號	NO 3 KAT CHEUNG CRESCENT FANLING NEW TERRITORIES
P520	小學	聖公會仁立小學     SKH YAN LAAP PRIMARY SCHOOL     http://www.yanlaap.edu.hk	新界葵涌葵盛圍３９９號	399 KWAI SHING CIRCUIT KWAI CHUNG NEW TERRITORIES
P521	小學	聖公會阮鄭夢芹小學     SKH YUEN CHEN MAUN CHEN PRIMARY SCHOOL     http://www.skhycmcps.edu.hk/	新界大埔廣福邨	KWONG FUK ESTATE TAI PO NEW TERRITORIES
P522	小學	香港扶幼會盛德中心學校     SOC OF BOYS' CTRS SHING TAK CTR SCH     http://www.shingtak.edu.hk	九龍觀塘利安里二號Ａ	2A LEE ON LANE KWUN TONG KOWLOON
P523	小學	香港扶幼會則仁中心學校     SOCIETY OF BOYS' CTRS CHAK YAN CTR SCH     http://www.cycschool.edu.hk	九龍深水埗歌和老街４７號	47 CORNWALL STREET SHAMSHUIPO KOWLOON
P524	小學	南元朗官立小學     SOUTH YUEN LONG GOV PRI SCH     http://www.sylgps.edu.hk	新界元朗欖口村路二十一號	NO 21, LAM HAU TSUEN RD YUEN LONG NEW TERRITORIES
P525	小學	十八鄉鄉事委員會公益社小學     SPH RURAL COMMITTEE KUNG YIK SHE PRI SCH     http://www.kysps.edu.hk/	新界元朗天水圍第２７區	AREA 27 TIN SHUI WAI, YUEN LONG NEW TERRITORIES
P526	小學	柏立基教育學院校友會何壽基學校     SRBCEPSA HO SAU KI SCHOOL     http://www.hosauki.edu.hk	新界屯門田景邨屋邨小學Ｎｏ． １學校校舍	ESTATE SCHOOL NO. 1 TIN KING ESTATE TUEN MUN NEW TERRITORIES
P527	小學	柏立基教育學院校友會李一諤紀念學校     SRBCEPSA LEE YAT NGOK MEMORIAL SCHOOL     http://www.lynms.edu.hk	新界葵涌葵盛圍２２１號	221 KWAI SHING CIRCUIT KWAI CHUNG NEW TERRITORIES
P528	小學	深水埔街坊福利會小學     SSP KAIFONG WELFARE ASSN PRI SCH     http://www.sspkw.edu.hk	九龍深水埗汝州街８８號３－６樓	2/F - 5/F 88 YU CHAU STREET SHAMSHUIPO KOWLOON
P529	小學	天主教聖安德肋小學     ST ANDREW'S CATHOLIC PRIMARY SCHOOL     http://www.sacps.edu.hk	新界將軍澳翠嶺路３０號	30 CHUI LING ROAD TSEUNG KWAN O NEW TERRITORIES
P530	小學	聖安多尼學校     ST ANTHONY'S SCHOOL     http://www.stanthonys.edu.hk	香港薄扶林道６９號Ａ	69A POKFULAM ROAD HONG KONG
P531	小學	聖安當小學     ST ANTONIUS PRIMARY SCHOOL     http://www.saps.edu.hk/	九龍觀塘油塘道１號（幼稚園部份及七樓除外）	1 YAU TONG ROAD KWUN TONG KOWLOON
P532	小學	聖文德天主教小學     ST BONAVENTURE CATHOLIC PRIMARY SCHOOL     http://www.sbcps.edu.hk	九龍鑽石山鳳德邨鳳禮道	FUNG LAI ROAD FUNG TAK ESTATE DIAMOND HILL KOWLOON
P533	小學	聖嘉祿學校     ST CHARLES SCHOOL     http://www.stcharles.edu.hk	香港堅尼地城蒲飛路２５號	25 POKFIELD ROAD KENNEDY TOWN HONG KONG
P534	小學	ST CLARE'S PRIMARY SCHOOL     http://scps.school.hk	香港般咸道光景台３－６號	3-6 PROSPECT PLACE BONHAM ROAD WESTERN HONG KONG
P535	小學	聖愛德華天主教小學     ST EDWARD'S CATHOLIC PRIMARY SCHOOL     http://www.stedward.edu.hk/	九龍觀塘藍田慶田街８號	8 HING TIN STREET LAM TIN KWUN TONG KOWLOON
P536	小學	獻主會聖馬善樂小學     ST EUGENE DE MAZENOD OBLATE PRIMARY SCH     http://www.semops.edu.hk	九龍土瓜灣天光道２４號	24 TIN KWONG ROAD TOKWAWAN KOWLOON
P537	小學	嘉諾撒聖方濟各學校     ST FRANCIS' CANOSSIAN SCHOOL     http://www.sfcs.edu.hk	香港灣仔聖佛蘭士街４２號及４４號	42 & 44 ST. FRANCIS STREET WANCHAI HONG KONG
P538	小學	聖方濟愛德小學     ST FRANCIS OF ASSISI'S CARITAS SCHOOL     http://www.sfacs.edu.hk	九龍深水埗石硤尾偉智街７號	7 WAI CHI STREET SHEK KIP MEI SHAM SHUI PO KOWLOON
P539	小學	聖方濟各英文小學     ST FRANCIS OF ASSISI'S ENGLISH PRI SCH     http://www.sfaeps.edu.hk	九龍深水埗石硤尾街５８號	58 SHEK KIP MEI STREET SHAM SHUI PO KOWLOON
P540	小學	聖若望英文書院     ST JOHANNES COLLEGE     http://www.st-johannes.edu.hk	九龍九龍塘窩打老道１０９號地下至一樓及１４３號	G/F - 1/F., 109 WATERLOO ROAD AND 143 WATERLOO ROAD KOWLOON TONG KOWLOON
P541	小學	聖若翰天主教小學     ST JOHN THE BAPTIST CATH PRI SCH     http://www.sjbcps.edu.hk	九龍觀塘宜安街２９號	29 YEE ON STREET KWUN TONG KOWLOON
P542	小學	聖若瑟英文小學     ST JOSEPH'S ANGLO-CHINESE PRIMARY SCHOOL     http://www.sjacps.edu.hk	九龍觀塘觀塘道５７號	57 KWUN TONG ROAD KWUN TONG KOWLOON
P543	小學	聖若瑟小學     ST JOSEPH'S PRIMARY SCHOOL     http://www.sjps.edu.hk	香港灣仔活道４８號	48 WOOD ROAD WANCHAI HONG KONG
P544	小學	聖瑪加利男女英文中小學     ST MARGARET'S CO-EDU ENG SEC & PRI SCH     http://www.smcesps.edu.hk	九龍深水埗深旺道３３號	33 SHAM MONG ROAD SHAMSHUIPO KOWLOON
P545	小學	嘉諾撒聖瑪利學校     ST MARY'S CANOSSIAN SCHOOL     http://www.smcs.edu.hk	九龍柯士甸道１６２號	162 AUSTIN ROAD KOWLOON
P546	小學	路德會聖馬太學校（秀茂坪）     ST MATTHEW'S LUTHERAN SCH (SAU MAU PING)     http://www.smssmp.edu.hk	九龍觀塘秀茂坪秀明道１２３號	123 SAU MING ROAD SAU MAU PING KWUN TONG KOWLOON
P547	小學	聖博德天主教小學（蒲崗村道）     ST PATRICK'S CATH PRI SCH (P K VILL RD)     http://www.spcpspkv.edu.hk	九龍黃大仙蒲崗村道１７８號	178 PO KONG VILLAGE ROAD WONG TAI SIN KOWLOON
P548	小學	聖博德學校     ST PATRICK'S SCHOOL     http://www.sps.edu.hk	九龍橫頭磡富美東街１２號	12 FU MEI STREET EAST WANG TAU HOM KOWLOON
P549	小學	聖保羅男女中學附屬小學     ST PAUL'S CO-EDU COLLEGE PRI SCH     http://www.spcc.edu.hk	香港黄竹坑南風徑１１號	11 NAM FUNG PATH WONG CHUK HANG HONG KONG
P550	小學	聖保羅書院小學     ST PAUL'S COLLEGE PRIMARY SCHOOL     http://www.spc-ps.edu.hk	香港域多利道７７７號	777 VICTORIA ROAD HONG KONG
P551	小學	聖保祿學校（小學部）     ST PAUL'S CONVENT SCH (PRI SECTION)     http://www.spcspr.edu.hk/	香港銅鑼灣禮頓道１４０號小學校舍地下至６樓	GR-6/F OF PRIMARY SCHOOL BUILDING 140 LEIGHTON ROAD CAUSEWAY BAY HONG KONG
P552	小學	聖保祿天主教小學     ST PAUL'S PRIMARY CATHOLIC SCHOOL   	香港柴灣興華（二）邨二號學校	ESTATE SCHOOL NO.2 HING WAH (II) ESTATE CHAI WAN HONG KONG
P553	小學	聖伯多祿天主教小學     ST PETER'S CATHOLIC PRIMARY SCHOOL     http://www.spcps.edu.hk	香港鴨脷洲利東邨第二期	PHASE 2 LEI TUNG ESTATE AP LEI CHAU HONG KONG
P554	小學	聖羅撒學校     ST ROSE OF LIMA'S SCHOOL     http://www.srols.edu.hk	九龍基堤道４號	4 EMBANKMENT ROAD KOWLOON
P555	小學	聖士提反書院附屬小學     ST STEPHEN'S COLLEGE PREPARATORY SCHOOL     http://www.sscps.edu.hk/	香港赤柱黃麻角道３０－３２號Ａ座、Ｂ座、Ｅ座及校役宿舍	BLOCK A, BLOCK B, BLOCK E AND MINOR STAFF QUARTER 30-32 WONG MA KOK ROAD STANLEY HONG KONG
P556	小學	聖士提反女子中學附屬小學     ST STEPHEN'S GIRLS' PRIMARY SCHOOL     http://www.ssgps.edu.hk	香港柏道三十三號	33 PARK ROAD HONG KONG
P557	小學	德萃小學     ST. HILARY'S PRIMARY SCHOOL     http://www.sthilarys.edu.hk	新界大埔運頭街６號第７６０號餘段Ａ座教學大樓	BLOCK A, 760R.P. 6 WAN TAU STREET TAIPO NEW TERRITORIES
P558	小學	聖類斯中學（小學部）     ST. LOUIS SCHOOL (PRIMARY SECTION)     http://stlouisps.edu.hk/	香港第三街１７９號Ｃ座	BLOCK C 179 THIRD STREET HONG KONG
P559	小學	聖馬可小學     ST. MARK'S PRIMARY SCHOOL     http://www.stmarksprischool.edu.hk	香港筲箕灣柴灣道７１號	71 CHAI WAN ROAD SHAUKEIWAN HONG KONG
P560	小學	STAMFORD AMERICAN SCHOOL HONG KONG     http://www.sais.hk	九龍何文田文福道２５號（６樓及７樓除外）	25 MAN FUK ROAD HO MAN TIN KOWLOON (EXCLUDING 6/F. AND 7/F.)
P561	小學	思達學校     STARTERS SCHOOL     http://www.starters.edu.hk/	香港皇后大道東１２－２２號東曦大廈１樓Ｂ室及２樓Ｃ室	FLAT B, 1/F & FLAT C, 2/F TUNG HEY BUILDING 12-22 QUEEN'S ROAD EAST HONG KONG
P562	小學	培基小學     STEWARDS POOI KEI PRIMARY SCHOOL     http://www.pooikei.edu.hk	新界沙田火炭樂霞坊	LOK HA SQUARE FO TAN SHATIN NEW TERRITORIES
P563	小學	順德聯誼總會何日東小學     STFA HO YAT TUNG PRIMARY SCHOOL     http://www.hytps.edu.hk	新界屯門第１５區友愛邨屋邨小學第５號	ESTATE PRIMARY SCHOOL NO 5 YAU OI ESTATE, AREA 15 TUEN MUN NEW TERRITORIES
P564	小學	順德聯誼總會李金小學     STFA LEE KAM PRIMARY SCHOOL     http://www.leekamps.edu.hk	新界屯門掃管笏路２３號	23 SO KWUN WAT ROAD TUEN MUN NEW TERRITORIES
P565	小學	順德聯誼總會梁潔華小學     STFA LEUNG KIT WAH PRIMARY SCHOOL     http://www.lkw.edu.hk	新界將軍澳第十九區	AREA 19 TSEUNG KWAN O NEW TERRITORIES
P566	小學	順德聯誼總會伍冕端小學     STFA WU MIEN TUEN PRIMARY SCHOOL     http://www.stfawmtps.edu.hk/	新界天水圍天恆邨	TIN HENG ESTATE, TIN SHUI WAI NEW TERRITORIES
P567	小學	順德聯誼總會胡少渠紀念小學     STFA WU SIU KUI MEMORIAL PRIMARY SCHOOL    http://www.wsk.edu.hk	新界屯門安定邨屋邨小學第三校舍	ESTATE PRIMARY SCHOOL NO 3 ON TING ESTATE TUEN MUN NEW TERRITORIES
P568	小學	大埔崇德黃建常紀念學校     SUNG TAK WONG KIN SHEUNG MEMORIAL SCHOOL     http://www.wks.edu.hk	新界大埔東昌街	TUNG CHEONG STREET TAI PO NEW TERRITORIES
P569	小學	東華三院高可寧紀念小學     T.W.G.HS KO HO NING MEM PRI SCH     http://www.twghkhnmp.edu.hk	新界葵涌麗瑤邨	LAI YIU ESTATE KWAI CHUNG NEW TERRITORIES
P570	小學	打鼓嶺嶺英公立學校     TA KU LING LING YING PUBLIC SCHOOL     http://www.tkllingying.edu.hk	新界北區打鼓嶺週田村	CHOW TIN VILLAGE TA KU LING NORTH DISTRICT NEW TERRITORIES
P571	小學	大角嘴天主教小學     TAI KOK TSUI CATHOLIC PRIMARY SCHOOL     http://www.tktcps.edu.hk	九龍大角咀大角咀道１４８號	148 TAI KOK TSUI ROAD TAI KOK TSUI KOWLOON
P572	小學	大埔浸信會公立學校     TAI PO BAPTIST PUBLIC SCHOOL     http://www.tpbps.edu.hk/	新界大埔廣福邨	KWONG FUK ESTATE TAI PO NEW TERRITORIES
P573	小學	大埔官立小學     TAI PO GOVERNMENT PRIMARY SCHOOL     http://www.tpgps.edu.hk	新界大埔大埔太和路八號	8 TAI PO TAI WO ROAD TAI PO NEW TERRITORIES
P574	小學	大埔循道衛理小學     TAI PO METHODIST SCHOOL     http://www.tpms.edu.hk	新界大埔棟樑路１０號	10 TUNG LUNG ROAD TAI PO NEW TERRITORIES
P575	小學	大埔舊墟公立學校（寶湖道）     TAI PO OLD MARKET PUB SCH (PLOVER COVE)     http://www.tpompspc.edu.hk/	新界大埔寶湖道７號	7 PLOVER COVE ROAD TAI PO NEW TERRITORIES
P576	小學	大埔舊墟公立學校     TAI PO OLD MARKET PUBLIC SCHOOL     http://www.tpomps.edu.hk/	新界大埔安祥路１０號	10 ON CHEUNG ROAD TAI PO NEW TERRITORIES
P577	小學	太古小學     TAIKOO PRIMARY SCHOOL     http://www.tps.edu.hk	香港英皇道１１００號	1100 KING'S ROAD HONG KONG
P578	小學	德雅小學     TAK NGA PRIMARY SCHOOL     http://www.tnps.edu.hk	九龍又一村達之路２０號	20 TAT CHEE AVENUE YAU YAT CHUEN KOWLOON
P579	小學	德信學校     TAK SUN SCHOOL     http://www.taksun.edu.hk	九龍柯士甸道１０３號及柯士甸道１０３號後座３樓及４樓部分	103 AUSTIN ROAD AND 3/F & PORTION OF 4/F REAR BUILDING 103 AUSTIN ROAD KOWLOON
P580	小學	道教青松小學（湖景邨）     TAOIST CHING CHUNG PRI SCH (WU KING EST)     http://www.tccpswke.edu.hk	新界屯門第２８區湖景邨第一期屋邨小學第１號校舍	ESTATE PRIMARY SCHOOL NO 1 PHASE 1, WU KING ESTATE, AREA 28 TUEN MUN NEW TERRITORIES
P581	小學	道教青松小學     TAOIST CHING CHUNG PRIMARY SCHOOL     http://www.tccps.edu.hk	新界屯門第七及第八區山景邨	SHAN KING ESTATE AREA 7 & 8 TUEN MUN NEW TERRITORIES
P582	小學	基督教香港信義會深信學校     THE ELCHK FAITH LUTHERAN SCHOOL     http://www.fls.edu.hk	九龍石硤尾培德街８號	8 PUI TAK STREET SHEK KIP MEI KOWLOON
P583	小學	基督教香港信義會馬鞍山信義學校     THE ELCHK MA ON SHAN LUTHERAN PRI SCH     http://www.mluthps.edu.hk	新界沙田馬鞍山恆安邨	HENG ON ESTATE MA ON SHAN SHATIN NEW TERRITORIES
P584	小學	基督教香港信義會禾輋信義學校     THE ELCHK WO CHE LUTHERAN SCHOOL     http://wcl.edu.hk	新界沙田禾輋邨	WO CHE ESTATE SHATIN NEW TERRITORIES
P585	小學	港灣學校     THE HARBOUR SCHOOL     http://www.ths.edu.hk/	香港堅尼地城卑路乍街２３號堅城中心２樓	2/F., KENNEDY TOWN CENTRE 23 BELCHER'S STREET KENNEDY TOWN HONG KONG
P586	小學	港灣學校     THE HARBOUR SCHOOL     http://www.ths.edu.hk/	香港鴨脷洲利枝道１３８號鴨脷洲中心地下低層Ａ－Ｄ舖及地下高層Ｄ－Ｅ舖	SHOP A-D ON LG/F .& SHOP D-E ON UG/F., AP LEI CHAU CENTRE 138 LEE CHI ROAD AP LEI CHAU HONG KONG
P587	小學	港灣學校     THE HARBOUR SCHOOL   	香港鴨脷洲邨鴨脷洲橋道３３２號校舍	SCHOOL NO.332 AP LEI CHAU BRIDGE ROAD AP LEI CHAU ESTATE HONG KONG
P588	小學	天主教聖華學校     THE LITTLE FLOWER'S CATHOLIC PRIMARY SCH     http://www.littleflowerschool.edu.hk	新界沙田禾輋邨	WO CHE ESTATE SHATIN NEW TERRITORIES
P589	小學	朗思國際學校     THINK INTERNATIONAL SCHOOL     http://www.think.edu.hk/	九龍界限街１１７號地下及１樓	G/F & 1/F 117 BOUNDARY STREET KOWLOON
P590	小學	天水圍天主教小學     TIN SHUI WAI CATHOLIC PRIMARY SCHOOL     http://www.tswcps.edu.hk	新界元朗天水圍天柏路２８號	28 TIN PAK ROAD TIN SHUI WAI, YUEN LONG NEW TERRITORIES
P591	小學	天水圍官立小學     TIN SHUI WAI GOVERNMENT PRIMARY SCHOOL    http://www.tswgps.edu.hk/	新界元朗天水圍天瑞路８號	8 TIN SHUI ROAD, TIN SHUI WAI YUEN LONG NEW TERRITORIES
P592	小學	天水圍循道衞理小學     TIN SHUI WAI METHODIST PRIMARY SCHOOL     http://www.tswmps.edu.hk	新界天水圍三十一區第一期	PHASE 1 AREA 31 TIN SHUI WAI NEW TERRITORIES
P593	小學	大角嘴天主教小學（海帆道）     TKT CATHOLIC PRIMARY SCHOOL (HOI FAN RD)    http://www.tktcpshfr.edu.hk/	九龍大角嘴海帆道２０號	20 HOI FAN ROAD TAI KOK TSUI KOWLOON
P594	小學	台山商會學校     TOI SHAN ASSOCIATION PRIMARY SCHOOL     http://www.ts.edu.hk	新界屯門石排頭路１４號	14 SHEK PAI TAU ROAD TUEN MUN NEW TERRITORIES
P595	小學	塘尾道官立小學     TONG MEI ROAD GOVERNMENT PRIMARY SCH     http://www.tmr.edu.hk	九龍大角咀塘尾道１７０號	170 TONG MI ROAD TAI KOK TSUI KOWLOON
P596	小學	香港真光中學     TRUE LIGHT MIDDLE SCHOOL OF HONG KONG     http://www.tlmshkps.edu.hk	香港大坑道５０號	50 TAI HANG ROAD HONG KONG
P597	小學	曾梅千禧學校     TSANG MUI MILLENNIUM SCHOOL     http://www.tmms.edu.hk	新界上水清城路１號	1 CHING SHING ROAD SHEUNG SHUI NEW TERRITORIES
P598	小學	將軍澳天主教小學     TSEUNG KWAN O CATHOLIC PRIMARY SCHOOL     http://www.tkocps.edu.hk	新界將軍澳唐賢街六號	6 TONG YIN STREET TSEUNG KWAN O NEW TERRITORIES
P599	小學	將軍澳官立小學     TSEUNG KWAN O GOVERNMENT PRI SCHOOL     http://www.tkogps.edu.hk	新界將軍澳厚德邨	HAU TAK ESTATE TSEUNG KWAN O NEW TERRITORIES
P600	小學	將軍澳循道衛理小學     TSEUNG KWAN O METHODIST PRIMARY SCHOOL     http://www.tkomps.edu.hk	新界將軍澳唐俊街１５號	15 TONG CHUN STREET TSEUNG KWAN O NEW TERRITORIES
P601	小學	將軍澳培智學校     TSEUNG KWAN O PUI CHI SCHOOL     http://www.puichi.edu.hk	新界將軍澳陶樂路九號	9 TO LOK ROAD TSEUNG KWAN O NEW TERRITORIES
P602	小學	青衣商會小學     TSING YI TRADE ASSOCIATION PRI SCH     http://www.tytaps.edu.hk/	新界青衣長康邨青康路１２號	12 CHING HONG ROAD CHEUNG HONG ESTATE TSING YI NEW TERRITORIES
P603	小學	荃灣天主教小學     TSUEN WAN CATHOLIC PRIMARY SCHOOL     http://www.twcps.edu.hk	新界荃灣德華街３７－４１號	37-41 TAK WAH STREET TSUEN WAN NEW TERRITORIES
P604	小學	荃灣潮州公學     TSUEN WAN CHIU CHOW PUBLIC SCHOOL     http://www.twccps.edu.hk/	新界荃灣海壩街８０號	80 HOI PA STREET TSUEN WAN NEW TERRITORIES
P605	小學	荃灣官立小學     TSUEN WAN GOVERNMENT PRIMARY SCHOOL     http://www.twgps.edu.hk/	新界荃灣青山公路六佰號	600 CASTLE PEAK ROAD, AREA 2 TSUEN WAN NEW TERRITORIES
P606	小學	荃灣商會學校     TSUEN WAN TRADE ASSOCIATION PRI SCH     http://www.twtaps.edu.hk	新界青衣青衣邨第一期	ESTATE PRIMARY SCHOOL NO.1 TSING YI ESTATE AREA 1 TSING YI ISLAND NEW TERRITORIES
P607	小學	崇真小學暨幼稚園     TSUNG TSIN PRIMARY SCHOOL AND KG     http://www.ttpskg.edu.hk	九龍深水埗大埔道５８號	58 TAI PO ROAD SHAMSHUIPO KOWLOON
P608	小學	慈雲山天主教小學     TSZ WAN SHAN CATHOLIC PRIMARY SCHOOL     http://www.t-cat.edu.hk	九龍黃大仙蒲崗村道１７２號	172 PO KONG VILLAGE ROAD WONG TAI SIN KOWLOON
P609	小學	屯門官立小學     TUEN MUN GOVERNMENT PRIMARY SCHOOL     http://www.tmgps.edu.hk	新界屯門兆康苑	SIU HONG COURT TUEN MUN NEW TERRITORIES
P610	小學	惇裕學校     TUN YU SCHOOL     http://www.tys.edu.hk	新界元朗新田	SAN TIN YUEN LONG NEW TERRITORIES
P611	小學	東涌天主教學校     TUNG CHUNG CATHOLIC SCHOOL     http://www.tccs.edu.hk	新界大嶼山東涌逸東街８號逸東（二）邨	YAT TUNG (2) ESTATE 8 YAT TUNG STREET TUNG CHUNG LANTAU ISLAND NEW TERRITORIES
P612	小學	東莞同鄉會方樹泉學校     TUNG KOON DIST SOC FONG SHU CHUEN SCH     http://www.tkfsc-school.edu.hk	九龍油麻地東莞街４３號	43 TUNG KUN STREET YAUMATEI KOWLOON
P613	小學	東莞學校     TUNG KOON SCHOOL     http://www.tks.edu.hk	新界上水馬會道	JOCKEY CLUB ROAD SHEUNG SHUI NEW TERRITORIES
P614	小學	通德學校     TUNG TAK SCHOOL     http://www.ttsch.edu.hk/	新界元朗錦田城門新村	SHING MUN SAN TSUEN, KAM TIN YUEN LONG NEW TERRITORIES
P615	小學	東灣莫羅瑞華學校     TUNG WAN MOK LAW SHUI WAH SCHOOL     http://www.twmlsws.edu.hk	新界大嶼山石壁東灣	TUNG WAN SHEK PIK, LANTAU ISLAND NEW TERRITORIES
P616	小學	荃灣公立何傳耀紀念小學     TW PUB HO CHUEN YIU MEM PRIMARY SCHOOL     http://www.twpsch.edu.hk	新界荃灣石圍角邨屋邨第一小學	ESTATE PRIMARY SCHOOL NO 1 SHEK WAI KOK ESTATE TSUEN WAN NEW TERRITORIES
P617	小學	東華三院周演森小學     TWGH CHOW YIN SUM PRIMARY SCHOOL     http://twghscysps.edu.hk	新界青衣青芊街８號	8 TSING CHIN STREET TSING YI NEW TERRITORIES
P618	小學	東華三院港九電器商聯會小學     TWGH HK & KLN ETC APP MER ASSN LTD SCH     http://www.eama.edu.hk	新界上水石湖墟七區	AREA 7 SHEK WU HUI SHEUNG SHUI NEW TERRITORIES
P619	小學	東華三院鶴山學校     TWGH HOK SHAN SCHOOL     http://www.hokshan.edu.hk	香港薄扶林華富邨華林徑５號	5 WAH LAM PATH, WAH FU ESTATE POKFULAM HONG KONG
P620	小學	東華三院群芳啓智學校     TWGH KWAN FONG KAI CHI SCHOOL     http://www.twghkfkcsp.edu.hk	九龍大坑東南山邨道２８號	G/F ROOF 28 NAM SHAN CHUEN ROAD TAI HANG TUNG KOWLOON
P621	小學	東華三院李東海小學     TWGH LEO TUNG-HAI LEE PRIMARY SCHOOL     http://www.twghlthlp.edu.hk/	新界元朗天水圍天壇街１９號	19 TIN TAN STREET, TIN SHUI WAI YUEN LONG NEW TERRITORIES
P622	小學	東華三院李賜豪小學     TWGH LI CHI HO PRIMARY SCHOOL     http://www.twghlchps.edu.hk	香港灣仔皇后大道東２８０號	280 QUEENS ROAD EAST WAN CHAI HONG KONG
P623	小學	東華三院羅裕積小學     TWGH LO YU CHIK PRIMARY SCHOOL     http://www.twghlycp.edu.hk	九龍油麻地碧街５１號	51 PITT STREET YAUMATEI KOWLOON
P624	小學	東華三院冼次雲小學     TWGH SIN CHU WAN PRIMARY SCHOOL     http://www.scwps.edu.hk	新界沙田大圍積福街３８號	ANNEX BLOCK, 38 CHIK FUK STREET TAI WAI SHATIN NEW TERRITORIES
P625	小學	東華三院鄧肇堅小學     TWGH TANG SHIU KIN PRIMARY SCHOOL     http://www.twghtskp.edu.hk	新界屯門安定邨	ON TING ESTATE TUEN MUN NEW TERRITORIES
P626	小學	東華三院徐展堂學校     TWGH TSUI TSIN TONG SCHOOL     http://www.twghtttsp.edu.hk	香港華富邨瀑布灣道廿五號	WAH FU ESTATE 25 WATERFALL BAY ROAD POKFULAM HONG KONG
P627	小學	東華三院黃士心小學     TWGH WONG SEE SUM PRIMARY SCHOOL     http://www.twghwssp.edu.hk	新界青衣長安邨	CHEUNG ON ESTATE TSING YI NEW TERRITORIES
P628	小學	東華三院王余家潔紀念小學     TWGH WONG YEE JAR JAT MEMORIAL PRI SCH     http://www.wyjjmps.edu.hk/	新界將軍澳學林里八號	8 HOK LAM LANE TSEUNG KWAN O NEW TERRITORIES
P629	小學	東華三院姚達之紀念小學（元朗）     TWGH YIU DAK CHI MEM PRI SCH (YUEN LONG)    http://www.ydc.edu.hk	新界天水圍天瑞邨	TIN SHUI ESTATE TIN SHUI WAI NEW TERRITORIES
P630	小學	東華三院馬錦燦紀念小學     TWGHS MA KAM CHAN MEM PRI SCH     http://www.twghmkc.edu.hk	新界上水彩園邨	CHOI YUEN ESTATE SHEUNG SHUI NEW TERRITORIES
P631	小學	東華三院馬錦燦紀念小學     TWGHS MA KAM CHAN MEM PRI SCH     http://www.twghmkc.edu.hk	新界上水清城路２號	2 CHING SHING ROAD SHEUNG SHUI NEW TERRITORIES
P632	小學	慈雲山聖文德天主教小學     TWS ST BONAVENTURE CATHOLIC PRIMARY SCH     http://www.tsbcps.edu.hk	九龍黃大仙慈正邨	TSZ CHING ESTATE WONG TAI SIN KOWLOON
P633	小學	穆民國際小學     UMAH INTERNATIONAL PRIMARY SCHOOL     http://umah.wordpress.com	新界元朗橫洲鳳池村	FUNG CHI TSUEN WANG CHAU YUEN LONG NEW TERRITORIES
P634	小學	滬江維多利亞學校     VICTORIA SHANGHAI ACADEMY     http://www.vsa.edu.hk	香港香港仔深灣道１９號	19 SHUM WAN ROAD ABERDEEN HONG KONG
P635	小學	和富慈善基金李宗德小學     W F JOSEPH LEE PRIMARY SCHOOL     http://www.wfjlps.edu.hk/	新界元朗天水圍天暉路９號（１０１區）	9 TIN FAI ROAD TIN SHUI WAI, YUEN LONG NEW TERRITORIES
P636	小學	上水惠州公立學校     WAI CHOW PUBLIC SCHOOL (SHEUNG SHUI)     http://www.waichow.edu.hk	新界上水天平路５１號	51 TIN PING ROAD SHEUNG SHUI NEW TERRITORIES
P637	小學	黃大仙天主教小學     WONG TAI SIN CATHOLIC PRIMARY SCHOOL     http://www.e-wong.edu.hk	九龍黃大仙正德街１０２號	102 CHING TAK STREET WONG TAI SIN KOWLOON
P638	小學	黃大仙官立小學     WONG TAI SIN GOVERNMENT PRIMARY SCH     http://www.wtsgps.edu.hk/	九龍黃大仙正德街１００號	100 CHING TAK STREET WONG TAI SIN KOWLOON
P639	小學	香港普通話研習社科技創意小學     XIANGGANG PTH YANXISHE PRI SCH OF SC & C    http://www.xpypssc.edu.hk/	新界元朗天水圍第１０２區第２期（小學１）	AREA 102 TIN SHUI WAI PHASE 2 (PRIMARY SCHOOL 1) YUEN LONG NEW TERRITORIES
P640	小學	仁愛堂劉皇發夫人小學     YAN OI TONG MADAM LAU WONG FAT PRI SCH     http://www.yotps.edu.hk	新界屯門１３區安定邨屋邨小學第六校舍	ESTATE PRIMARY SCHOOL NO 6 ON TING ESTATE TUEN MUN NEW TERRITORIES
P641	小學	仁愛堂田家炳小學     YAN OI TONG TIN KA PING PRIMARY SCHOOL     http://www.yottkpps.edu.hk  http://www.yottkp.edu.hk/	新界將軍澳唐俊街３號	3 TONG CHUN STREET TSEUNG KWAN O NEW TERRITORIES
P642	小學	仁德天主教小學     YAN TAK CATHOLIC PRIMARY SCHOOL     http://www.yantak.edu.hk	新界屯門蝴蝶邨第二期屋邨小學第二校舍	ESTATE PRIMARY SCHOOL NO 2 PHASE II, BUTTERFLY ESTATE TUEN MUN NEW TERRITORIES
P643	小學	油蔴地天主教小學（海泓道）     YAUMATI CATHOLIC PRI SCH (HOI WANG RD)     http://www.ycps.edu.hk/	九龍油麻地海泓道１０號	10 HOI WANG ROAD YAU MA TEI KOWLOON
P644	小學	油蔴地天主教小學     YAUMATI CATHOLIC PRIMARY SCHOOL     http://www.ymtcps.edu.hk	九龍油麻地東莞街４１號	41 TUNG KUN STREET YAU MA TEI KOWLOON
P645	小學	油蔴地街坊會學校     YAUMATI KAIFONG ASSOCIATION SCHOOL     http://www.ymtkfas.edu.hk	九龍油麻地眾坊街８０號	80 PUBLIC SQUARE STREET YAU MA TEI KOWLOON
P646	小學	仁濟醫院陳耀星小學     YCH CHAN IU SENG PRIMARY SCHOOL     http://www.ychcisps.edu.hk	新界將軍澳煜明苑	YUK MING COURT TSEUNG KWAN O NEW TERRITORIES
P647	小學	仁濟醫院趙曾學韞小學     YCH CHIU TSANG HOK WAN PRIMARY SCHOOL     http://www.ychcthwps.edu.hk	新界青衣青衣邨第二期屋邨小學	ESTATE PRIMARY SCHOOL TSING YI ESTATE, PHASE II TSING YI NEW TERRITORIES
P648	小學	仁濟醫院蔡衍濤小學     YCH CHOI HIN TO PRIMARY SCHOOL     http://www.ychchtps.edu.hk/	新界大埔第六區運頭塘邨	WAN TAU TONG ESTATE, AREA 6 TAI PO NEW TERRITORIES
P649	小學	仁濟醫院何式南小學     YCH HO SIK NAM PRIMARY SCHOOL     http://www.hosiknam.edu.hk	新界屯門第１６區標準小學	STANDARD PRIMARY SCHOOL, AREA 16 TUEN MUN NEW TERRITORIES
P650	小學	仁濟醫院羅陳楚思小學     YCH LAW CHAN CHOR SI PRIMARY SCHOOL     http://www.lccs.edu.hk	新界屯門湖景路２９號	29 WU KING ROAD TUEN MUN NEW TERRITORIES
P651	小學	耀中國際學校     YEW CHUNG INTERNATIONAL SCHOOL     http://www.ycef.com/	九龍九龍塘根德道２號地下	G/F 2 KENT ROAD KOWLOON TONG KOWLOON
P652	小學	耀中國際學校     YEW CHUNG INTERNATIONAL SCHOOL     http://www.ycef.com/	九龍九龍塘根德道１１－１３號地庫上層至１樓	UPPER G/F - 1/F 11-13 KENT ROAD KOWLOON TONG KOWLOON
P653	小學	耀中國際學校     YEW CHUNG INTERNATIONAL SCHOOL     http://www.ycef.com/	九龍九龍塘森麻實道３及３號Ａ地下及１樓森麻實道２２號地下至１樓	G/F & 1/F, 3 & 3A SOMERSET ROAD G/F-1/F, 22 SOMERSET ROAD KOWLOON TONG KOWLOON
P654	小學	英華小學     YING WA PRIMARY SCHOOL     http://www.yingwaps.edu.hk/	九龍深水埗英華街３號	NO. 3 YING WA STREET SHAMSHUIPO KOWLOON
P655	小學	元朗朗屏邨東莞學校     YL LONG PING ESTATE TUNG KOON PRI SCH     http://www.tkps.edu.hk	新界元朗朗屏邨	LONG PING ESTATE YUEN LONG NEW TERRITORIES
P656	小學	元朗公立中學校友會英業小學     YL PUB MID SCH ALU ASSN YING YIP PRI SCH     http://www.alu.edu.hk/	新界元朗天水圍天瑞路８６號	86 TIN SHUI ROAD TIN SHUI WAI, YUEN LONG NEW TERRITORIES
P657	小學	元朗公立中學校友會小學     YL PUB MID SCH ALUMNI ASSN PRI SCH     http://www.ylaps.edu.hk/	新界元朗公園北路２號	2 TOWN PARK ROAD NORTH YUEN LONG NEW TERRITORIES
P658	小學	元朗官立小學     YUEN LONG GOVERNMENT PRIMARY SCHOOL     http://www.ylgps.edu.hk	新界元朗坳頭	AU TAU YUEN LONG NEW TERRITORIES
P659	小學	元朗朗屏邨惠州學校     YUEN LONG LONG PING ESTATE WAI CHOW SCH     http://www.hzit.edu.hk/	新界元朗朗屏邨第二期	PHASE II LONG PING ESTATE YUEN LONG NEW TERRITORIES
P660	小學	元朗商會小學     YUEN LONG MERCHANTS ASSN PRIMARY SCHOOL     http://www.ylmaps.edu.hk	新界元朗青山公路２４４號	244 CASTLE PEAK ROAD YUEN LONG NEW TERRITORIES
P661	小學	元朗寶覺小學     YUEN LONG PO KOK PRIMARY SCHOOL     http://www.ylpokok.edu.hk	新界元朗洪水橋丹桂村路５５號	55 TAN KWAI TSUEN ROAD HUNG SHUI KIU, YUEN LONG NEW TERRITORIES
P662	小學	育賢學校     YUK YIN SCHOOL     http://www.yukyinschool.edu.hk	新界上水馬會道	JOCKEY CLUB ROAD SHEUNG SHUI NEW TERRITORIES